item_number,mcat,model,old_model,stack_height_in,stack_height_in_resolved,stack_height,stack_height_is_placeholder,fallback_source
BUA614CCBE3,Tandem-Axle Utility,UTE7,UTE-614,22.0,22.0,1.8,0,
BUA616CCBE3,Tandem-Axle Utility,UTE7,UTE-616,23.0,23.0,1.9,0,
BUT714CBFF3,Tandem-Axle Utility,UT7,UT-714,27.0,27.0,2.2,0,
BUT714CBFF3E,Tandem-Axle Utility,UT7,UT-714-12EXP,27.0,27.0,2.2,0,
BUT714NBHF3,Tandem-Axle Utility,UT7,UT-714,27.0,27.0,2.2,0,
BUT716DBFF3,Tandem-Axle Utility,UT7,UT-716,27.0,27.0,2.2,0,
BUT716DBFH3,Tandem-Axle Utility,UT7,UT-716-SR,27.0,27.0,2.2,0,
BUT718DBFF3,Tandem-Axle Utility,UT7,UT-718,27.0,27.0,2.2,0,
BUT718DBFH3,Tandem-Axle Utility,UT7,UT-718-SR,27.0,27.0,2.2,0,
BUT720DBFF3,Tandem-Axle Utility,UT7,UT-720,27.0,27.0,2.2,0,
BUT720DBFF3#1,Tandem-Axle Utility,UT7,UT-720,27.0,27.0,2.2,0,
BUT720DBFH3,Tandem-Axle Utility,UT7,UT-720-SR,27.0,27.0,2.2,0,
BDF610CBMA3,Dumps,DT7,DT610LP-LE-7-A,39.0,39.0,3.2,0,
BDF610CBMD3,Dumps,DT7,DT610LP-LE-7-D,39.0,39.0,3.2,0,
BDF610CBMV3N,Dumps,DT7,DT610LP-LE-7-H,62.0,62.0,5.2,0,
BDF610CEHAA,Dumps,DT10,DT610LP-LE-10-A,39.0,39.0,3.2,0,
BDF610CEHAAK,Dumps,DT10,DT610LP-LE-10-A,39.0,39.0,3.2,0,
BDF610CEHBA,Dumps,DT10,DT610LP-LE-10-B,39.0,39.0,3.2,0,
BDF610CEHCA,Dumps,DT10,DT610LP-LE-10-A,39.0,39.0,3.2,0,
BDF610CEHDA,Dumps,DT10,DT610LP-LE-10-D,39.0,39.0,3.2,0,
BDF610CEHVAN,Dumps,DT10,DT610LP-LE-10-H,62.0,62.0,5.2,0,
BDF610DBMA3,Dumps,DT7,DT610LP-LE-7-D,39.0,39.0,3.2,0,
BDF610DBMC3,Dumps,DT7,DT610LP-LE-7-D,39.0,39.0,3.2,0,
BDF610DEHAA,Dumps,DT10,DT610LP-LE-10-A,39.0,39.0,3.2,0,
BDF610DEHAAK,Dumps,DT10,DT610LP-LE-10-A,39.0,39.0,3.2,0,
BDF610DEHCA,Dumps,DT10,DT610LP-LE-10-A,39.0,39.0,3.2,0,
BDF610DEHVAN,Dumps,DT10,DT610LP-LE-10-H,62.0,62.0,5.2,0,
BDF610DEHZAN,Dumps,DT10,DT610LP-LE-10-H,62.0,62.0,5.2,0,
BDF610NEKAAK,Dumps,DT10,DT610LP-LE-10-S,39.0,39.0,3.2,0,
BDF610NEKCAK,Dumps,DT10,DT610LP-LE-10-S,39.0,39.0,3.2,0,
BDF612CEHA6K8,Dumps,DT10,DT612LP-LE-10-A,39.0,39.0,3.2,0,
BDF612CEHAA,Dumps,DT10,DT612LP-LE-10-A,39.0,39.0,3.2,0,
BDF612CEHAAK,Dumps,DT10,DT612LP-LE-10-A,39.0,39.0,3.2,0,
BDF612CEHBA,Dumps,DT10,DT612LP-LE-10-B,39.0,39.0,3.2,0,
BDF612CEHCA,Dumps,DT10,DT612LP-LE-10-C,39.0,39.0,3.2,0,
BDF612CEHDA,Dumps,DT10,DT612LP-LE-10-D,39.0,39.0,3.2,0,
BDF612CEHVAN,Dumps,DT10,DT612LP-LE-10-H,62.0,62.0,5.2,0,
BDF612CEHZAN,Dumps,DT10,DT612LP-LE-10-H,62.0,62.0,5.2,0,
BDF612DEHAA,Dumps,DT10,DT612LP-LE-10-A,39.0,39.0,3.2,0,
BDF612DEHBA,Dumps,DT10,DT612LP-LE-10-B,39.0,39.0,3.2,0,
BDF612DEHCA,Dumps,DT10,DT612LP-LE-10-C,39.0,39.0,3.2,0,
BDF612DEHVAN,Dumps,DT10,DT612LP-LE-10-H,62.0,62.0,5.2,0,
BDF612DEHZAN,Dumps,DT10,DT612LP-LE-10-H,62.0,62.0,5.2,0,
BDF612DGJAP,Dumps,DT12,DT612LP-LE-12-A,39.0,39.0,3.2,0,
BDF612FEHDA,Dumps,DT10,DT612LP-LE-10-D,39.0,39.0,3.2,0,
BDF612FGJAP,Dumps,DT12,DT612LP-LE-12-A,39.0,39.0,3.2,0,
BDF712CEOAA,Dumps,DT10,DT712LP-LE-10-A,40.0,40.0,3.3,0,
BDF712CEOBA,Dumps,DT10,DT712LP-LE-10-A,40.0,40.0,3.3,0,
BDF712CEODA,Dumps,DT10,DT712LP-LE-10-D,40.0,40.0,3.3,0,
BDF712DEOAA,Dumps,DT10,DT712LP-LE-10-A,40.0,40.0,3.3,0,
BDF712DEOVAN,Dumps,DT10,DT712LP-LE-10-H,64.0,64.0,5.3,0,
BDF712DGAAP,Dumps,DT12,DT712LP-LE-12-A,40.0,40.0,3.3,0,
BDF712DGAAPK,Dumps,DT12,DT712LP-LE-12-A,40.0,40.0,3.3,0,
BDF712DGAVPN,Dumps,DT12,DT712LP-LE-12-H,64.0,64.0,5.3,0,
BDF712DIHAP,Dumps,DT14,DT712LP-LE-14-A,40.0,40.0,3.3,0,
BDF712DIHAP%,Dumps,DT14,DT712LP-LE-14-A,40.0,40.0,3.3,0,
BDF712DIHAP7%,Dumps,DT14,DT712LP-LE-14-A,40.0,40.0,3.3,0,
BDF712DIHVPN,Dumps,DT14,DT712LP-LE-14-H,64.0,64.0,5.3,0,
BDF712DIHVPN%,Dumps,DT14,DT712LP-LE-14-H,64.0,64.0,5.3,0,
BDF714DIHAIK,Dumps,DT14,DT714LP-LE-14-A,40.0,40.0,3.3,0,
BDF714DIHAP,Dumps,DT14,DT714LP-LE-14-A,40.0,40.0,3.3,0,
BDF714DIHAP%,Dumps,DT14,DT714LP-LE-14-A,40.0,40.0,3.3,0,
BDF714DIHAPK,Dumps,DT14,DT714LP-LE-14-A,40.0,40.0,3.3,0,
BDF714DIHAPK%,Dumps,DT14,DT714LP-LE-14-A,40.0,40.0,3.3,0,
BDF714DIHAS,Dumps,DT14,DT714LP-LE-14-A,40.0,40.0,3.3,0,
BDF714DIHVPN,Dumps,DT14,DT714LP-LE-14-H,64.0,64.0,5.3,0,
BDF714DIHVPN%,Dumps,DT14,DT714LP-LE-14-H,64.0,64.0,5.3,0,
BDF714DIHVPN%#1,Dumps,DT14,DT714LP-LE-14-H,71.0,71.0,5.9,0,
BDF714DIHVPNR%,Dumps,DT14,DT714LP-LE-14-H,64.0,64.0,5.3,0,
BDF714HIHAP,Dumps,DT14,DT714LP-LE-14-A-G,40.0,40.0,3.3,0,
BDF714HIHAP%,Dumps,DT14,DT714LP-LE-14-A-G,40.0,40.0,3.3,0,
BDF716DIHAP%,Dumps,DT14,DT716LP-LE-14-A,42.0,42.0,3.5,0,
BDF716DIHAPK%,Dumps,DT14,DT716LP-LE-14-A,42.0,42.0,3.5,0,
BDF716DIHVPN,Dumps,DT14,DT716LP-LE-14-H,66.0,66.0,5.5,0,
BDF716DIHVPN%,Dumps,DT14,DT716LP-LE-14-H,66.0,66.0,5.5,0,
BDF716DIHVPNKR%,Dumps,DT14,DT716LP-LE-14-H,66.0,66.0,5.5,0,
BDF716DIHZPN%,Dumps,DT14,DT716LP-LE-14-A,66.0,66.0,5.5,0,
BDF716DKHAR,Dumps,DT16,DT716LP-LE-16-A,42.0,42.0,3.5,0,
BDF716DKHAR%,Dumps,DT16,DT716LP-LE-16-A,42.0,42.0,3.5,0,
BDF716DKHARK,Dumps,DT16,DT716LP-LE-16-A,42.0,42.0,3.5,0,
BDF716DKHVRN%,Dumps,DT16,DT716LP-LE-16-H,66.0,66.0,5.5,0,
BDF716FIHAP,Dumps,DT14,DT716LP-LE-14-A,42.0,42.0,3.5,0,
BDF716HIHAP,Dumps,DT14,DT716LP-LE-14-A-G,71.0,71.0,5.9,0,
BDF716HIHAPGK,Dumps,DT14,DT716LP-LE-14-A-G,71.0,71.0,5.9,0,
BDF716HIHAPK,Dumps,DT14,DT716LP-LE-14-A-G,71.0,71.0,5.9,0,
BDL508DEECA,Dumps,DLPX5,DT508LP-5-C,,44.0,3.7,1,category_median
BDL508DEECAK,Dumps,DLPX5,DT508LP-5-C,,44.0,3.7,1,category_median
BDL508DEEDA,Dumps,DLPX5,DT508LP-5-D,,44.0,3.7,1,category_median
BDL610NEKAF-UR,Dumps,DLPX10,DT610LP-10-S-UR,42.0,42.0,3.5,0,
BDL610SEKAF-UR,Dumps,DLPX10,DT610LP-10-S-UR,42.0,42.0,3.5,0,
BDL612DEHAF-UR,Dumps,DLPX10,DT612LP-10-UR,42.0,42.0,3.5,0,
BDL612DGJAH-UR,Dumps,DLPX12,DT612LP-12-UR,42.0,42.0,3.5,0,
BDL612NEKAF-UR,Dumps,DLPX10,DT612LP-10-S-UR,42.0,42.0,3.5,0,
BDL612OGQAH-UR,Dumps,DLPX12,DT612LP-12-S-UR,42.0,42.0,3.5,0,
BDL612QEKAF-UR,Dumps,DLPX10,DT612LP-10-S-UR,42.0,42.0,3.5,0,
BDL612SEKAF-UR,Dumps,DLPX10,DT612LP-10-S-UR,42.0,42.0,3.5,0,
BDL712PENNDOT,Dumps,DT10,DT712LP-10-S-PD,42.0,42.0,3.5,0,
BDQ508BBBD3,Dumps,DTR3,DTR508LP-3-D,34.0,34.0,2.8,0,
BDQ508BEEBA,Dumps,DTR5,DTR508LP-5-B,34.0,34.0,2.8,0,
BDQ508BEED6,Dumps,DTR5,DTR508LP-5-D,34.0,34.0,2.8,0,
BDQ508BEEDA,Dumps,DTR5,DTR508LP-5-D,34.0,34.0,2.8,0,
BDQ510BEEBA,Dumps,DTR5,DTR510LP-5-B,37.0,37.0,3.1,0,
BDQ510BEEBAK,Dumps,DTR5,DTR510LP-5-B,37.0,37.0,3.1,0,
BDQ510BEEDA,Dumps,DTR5,DTR510LP-5-D,37.0,37.0,3.1,0,
BDQ510BEEDAK,Dumps,DTR5,DTR510LP-5-D,37.0,37.0,3.1,0,
BDQ510CBJB3,Dumps,DTR7,DTR510LP-7-B,37.0,37.0,3.1,0,
BDQ510CBJD3,Dumps,DTR7,DTR510LP-7-D,37.0,37.0,3.1,0,
BDQ610CBMB3,Dumps,DTR7,DTR610LP-7-B,37.0,37.0,3.1,0,
BDQ610CBMB3K,Dumps,DTR7,DTR610LP-7-B,37.0,37.0,3.1,0,
BDQ610CBMD3,Dumps,DTR7,DTR610LP-7-D,37.0,37.0,3.1,0,
BDQ610CEHBA,Dumps,DTR10,DTR610LP-10-B,38.0,38.0,3.2,0,
BDQ610CEHDA,Dumps,DTR10,DTR610LP-10-D,38.0,38.0,3.2,0,
BDR610CBUD3,Dumps,DDR7,DTR610D-7,43.0,43.0,3.6,0,
BDR610CEVDA,Dumps,DDR10,DTR610D-10,43.0,43.0,3.6,0,
BDV714FIEAH-UR,Dumps,DLPX14,DT714LPHD-14-UR,,44.0,3.7,1,category_median
BDV714RIFAH-UR,Dumps,DLPX14,DT714LPHD-14-S-UR,,44.0,3.7,1,category_median
DF714DIIUS,Dumps,DUT15,DUT14-15,,77.0,6.4,1,family_median
DF714DMNU&,Dumps,DUT17,DUT14-17,77.0,77.0,6.4,0,
DF716DIIUS,Dumps,DUT15,DUT16-15,77.0,77.0,6.4,0,
DF716DIIUSX,Dumps,DUT15,DUT16-15,77.0,77.0,6.4,0,
DF716DMNU&,Dumps,DUT17,DUT16-17,77.0,77.0,6.4,0,
DF716HIIUS,Dumps,DUTG15,DUTG16-15,77.0,77.0,6.4,0,
DF716HIIUTX7,Dumps,DUTG21,DUTG16-21,77.0,77.0,6.4,0,
DF716HMNU&,Dumps,DUTG19,DUTG16-19,77.0,77.0,6.4,0,
DF716XIIUS7,Dumps,DUT21,DUT16-21,77.0,77.0,6.4,0,
DL610DEQWA,Dumps,DLP10,DLP10-10,44.0,44.0,3.7,0,
DL610DEQWAE,Dumps,DLP10,DLP10-10,44.0,44.0,3.7,0,
DL610DEQWAEG,Dumps,DLP10,DLP10-10,44.0,44.0,3.7,0,
DL612DEQWA,Dumps,DLP10,DLP12-10,44.0,44.0,3.7,0,
DL612DEQWAEG,Dumps,DLP10,DLP12-10,44.0,44.0,3.7,0,
DL712DEYWA,Dumps,DLP10,DLP12W-10,44.0,44.0,3.7,0,
DL712DEYWAE,Dumps,DLP10,DLP12W-10,44.0,44.0,3.7,0,
DL712DIIVPN,Dumps,DLP15,DLP12-15-H,68.0,68.0,5.7,0,
DL712DIIVSGN,Dumps,DLP15,DLP12-15-H,68.0,68.0,5.7,0,
DL712DIIWP,Dumps,DLP15,DLP12-15,44.0,44.0,3.7,0,
DL712DIIWP%8,Dumps,DLP15,DLP12-15,44.0,44.0,3.7,0,
DL712DIIWR%,Dumps,DLP15,DLP12-15,44.0,44.0,3.7,0,
DL712DIIWSGN,Dumps,DLP15,DLP12-15-H,70.0,70.0,5.8,0,
DL714DIIVPN,Dumps,DLP14-15-H,DLP14-15-H,70.0,70.0,5.8,0,
DL714DIIVPN%,Dumps,DLP15,DLP14-15-H,70.0,70.0,5.8,0,
DL714DIIVPN%#1,Dumps,DLP15,DLP14-15-H,70.0,70.0,5.8,0,
DL714DIIVSN,Dumps,DLP15,DLP14-15-H,70.0,70.0,5.8,0,
DL714DIIWP,Dumps,DLP15,DLP14-15,44.0,44.0,3.7,0,
DL714DIIWP%,Dumps,DLP15,DLP14-15,44.0,44.0,3.7,0,
DL714DIIWRX%,Dumps,DLP15,DLP14-15,44.0,44.0,3.7,0,
DL714DIIWT8%,Dumps,DLP15,DLP14-15,44.0,44.0,3.7,0,
DL714DMNWO%,Dumps,DLP17,DLP14-17,44.0,44.0,3.7,0,
DL714DMNWOG,Dumps,DLP17,DLP14-17,44.0,44.0,3.7,0,
DL714FIIVPN8%,Dumps,DLP15,DLP14-15-H,71.0,71.0,5.9,0,
DL714FIIWP8%,Dumps,DLP15,DLP14-15,43.0,43.0,3.6,0,
DL714HIIVHNG#1,Dumps,DLPG16,DLPG14-16-H,70.0,70.0,5.8,0,
DL716DIIHP,Dumps,DLP15,DLP16-15,44.0,44.0,3.7,0,
DL716DIIHP%,Dumps,DLP15,DLP16-15,44.0,44.0,3.7,0,
DL716DIIHSG,Dumps,DLP15,DLP16-15,44.0,44.0,3.7,0,
DL716DIIVPN,Dumps,DLP15,DLP16-15-H,70.0,70.0,5.8,0,
DL716DIIVPN#2,Dumps,DLP15,DLP16-15-H,70.0,70.0,5.8,0,
DL716DIIVPN%,Dumps,DLP15,DLP16-15-H,70.0,70.0,5.8,0,
DL716DIIWP,Dumps,DLP15,DLP16-15,44.0,44.0,3.7,0,
DL716DIIWP%,Dumps,DLP15,DLP16-15,44.0,44.0,3.7,0,
DL716DIIWR,Dumps,DLP15,DLP16-15,44.0,44.0,3.7,0,
DL716DIIWR8%,Dumps,DLP15,DLP16-15,44.0,44.0,3.7,0,
DL716DIIWRX%,Dumps,DLP15,DLP16-15,44.0,44.0,3.7,0,
DL716DMNVON,Dumps,DLP17,DLP16-17-H,71.0,71.0,5.9,0,
DL716DMNVON%,Dumps,DLP17,DLP16-17-H,71.0,71.0,5.9,0,
DL716DMNW4X%,Dumps,DLP17,DLP16-17,45.0,45.0,3.8,0,
DL716DMNWO,Dumps,DLP17,DLP16-17,45.0,45.0,3.8,0,
DL716DMNWO%#2,Dumps,DLP17,DLP16-17,45.0,45.0,3.8,0,
DL716HIIVPN8%,Dumps,DLPG16,DLPG16-16-H,70.0,70.0,5.8,0,
DL716HIIW9,Dumps,DLPG16,DLPG16-16,70.0,70.0,5.8,0,
DL716HIIWP,Dumps,DLPG16,DLPG16-16,70.0,70.0,5.8,0,
DL716HIIWP8%,Dumps,DLPG16,DLPG16-16,70.0,70.0,5.8,0,
DL716HMNVON%,Dumps,DLPG19,DLPG16-19-H,71.0,71.0,5.9,0,
DL716HMNWOG,Dumps,DLPG19,DLPG16-19,70.0,70.0,5.8,0,
DL716HMOWO%,Dumps,DLPG19,DLPG16-19,70.0,70.0,5.8,0,
DL716XIIWP7%,Dumps,DLP21,DLP16-21,46.0,46.0,3.8,0,
DL718FIIHPG7%,Dumps,DLP21,DLP18-21,46.0,46.0,3.8,0,
DL718HIIHPN7%,Dumps,DLPG21,DLPG18-21,71.0,71.0,5.9,0,
DL718HIIHRGNQ7%,Dumps,DLPG21,DLPG18-21,71.0,71.0,5.9,0,
DO610DEAUA,Dumps,DD10,DD10-10,52.0,52.0,4.3,0,
DO612DEAUA,Dumps,DD10,DD12-10,52.0,52.0,4.3,0,
DO612DEAVA,Dumps,DD10,DD12-10,52.0,52.0,4.3,0,
DO712DEIUA,Dumps,DD10,DD12W-10,52.0,52.0,4.3,0,
DO712DEIVA,Dumps,DD10,DD12W-10,52.0,52.0,4.3,0,
DO712DEIVAGI4,Dumps,DD10,DD12W-10,52.0,52.0,4.3,0,
DO712DEIVAN,Dumps,DD10,DD12W-10-H,52.0,52.0,4.3,0,
DO714DIEVP,Dumps,DD15,DDHD14-15,52.0,52.0,4.3,0,
DO714DIEVPN,Dumps,DD15,DDHD14-15-H,52.0,52.0,4.3,0,
DO716DIEVP,Dumps,DD15,DDHD16-15,52.0,52.0,4.3,0,
DO716DIEVP%,Dumps,DD15,DDHD16-15,52.0,52.0,4.3,0,
DO716DIEVPG,Dumps,DD15,DDHD16-15,52.0,52.0,4.3,0,
DU712DIIUS,Dumps,DU15,DU12-15,70.0,70.0,5.8,0,
DU714DIIUS%,Dumps,DU15,DU14-15,70.0,70.0,5.8,0,
DU714DIIUT%,Dumps,DU15,DU14-15,70.0,70.0,5.8,0,
DU714DMNU&,Dumps,DU17,DU14-17,71.0,71.0,5.9,0,
DU714HIIUS,Dumps,DUG16,DUG14-16,71.0,71.0,5.9,0,
DU716DIIUS,Dumps,DU15,DU16-15,68.0,68.0,5.7,0,
DU716DIIUS%,Dumps,DU15,DU16-15,68.0,68.0,5.7,0,
DU716DIIUS7%,Dumps,DU21,DU16-21,68.0,68.0,5.7,0,
DU716DMNU&,Dumps,DU17,DU16-17,68.0,68.0,5.7,0,
DU716DMNU&%,Dumps,DU17,DU16-17,68.0,68.0,5.7,0,
DU716DMNU&X%,Dumps,DU17,DU16-17,68.0,68.0,5.7,0,
DU716HIIUS%,Dumps,DUG16,DUG16-16,73.0,73.0,6.1,0,
DU716HIIUS7#1,Dumps,DUG21,DUG16-21,73.0,73.0,6.1,0,
DU716HIIUSQ7%,Dumps,DUG21,DUG16-21,73.0,73.0,6.1,0,
DU716HMNU&,Dumps,DUG19,DUG16-19,73.0,73.0,6.1,0,
DU716HMNU&%,Dumps,DUG19,DUG16-19,73.0,73.0,6.1,0,
DU716HMNU&X%,Dumps,DUG19,DUG16-19,73.0,73.0,6.1,0,
GDF610DEHAV,Dumps,DT10,DT610LP-LE-10-A-G,39.0,39.0,3.2,0,
GDF612DEHAV,Dumps,DT10,DT612LP-LE-10-A-G,39.0,39.0,3.2,0,
GDF612DEHVVN,Dumps,DT10,DT612LP-LE-10-A-G,62.0,62.0,5.2,0,
GDF612DGJAW,Dumps,DT12,DT612LP-LE-12-A-G,39.0,39.0,3.2,0,
GDF612DGJVWNR7,Dumps,DT12,DT612LP-LE-12-H-G,62.0,62.0,5.2,0,
GDF712DEOAV7,Dumps,DT10,DT712LP-LE-10-A-G,40.0,40.0,3.3,0,
GDF712DGAAW,Dumps,DT12,DT712LP-LE-12-A-G,40.0,40.0,3.3,0,
GDF712DGAAW%,Dumps,DT12,DT712LP-LE-12-A-G,40.0,40.0,3.3,0,
GDF712DGAAW7,Dumps,DT12,DT712LP-LE-12-A-G,40.0,40.0,3.3,0,
GDF712DGAVWN,Dumps,DT12,DT712LP-LE-12-H-G,64.0,64.0,5.3,0,
GDF712DGAVWNR,Dumps,DT12,DT712LP-LE-12-H-G,64.0,64.0,5.3,0,
GDF712DIHAW7%,Dumps,DT14,DT712LP-LE-14-A,40.0,40.0,3.3,0,
GDF714DIHAW,Dumps,DT14,DT714LP-LE-14-A,40.0,40.0,3.3,0,
GDF714DIHAW%,Dumps,DT14,DT714LP-LE-14-A,40.0,40.0,3.3,0,
GDF714DIHAW7%,Dumps,DT14,DT714LP-LE-14-A-G,40.0,40.0,3.3,0,
GDF714DIHAWR7,Dumps,DT14,DT714LP-LE-14-A-G,40.0,40.0,3.3,0,
GDF714DIHAWR7%,Dumps,DT14,DT714LP-LE-14-A-G,40.0,40.0,3.3,0,
GDF714DIHVWN,Dumps,DT14,DT714LP-LE-14-H-G,64.0,64.0,5.3,0,
GDF714DIHVWN%,Dumps,DT14,DT714LP-LE-14-H-G,64.0,64.0,5.3,0,
GDF714DIHVWN7%,Dumps,DT14,DT714LP-LE-14-H-G,64.0,64.0,5.3,0,
GDF716DIHAW,Dumps,DT14,DT716LP-LE-14-A-G,42.0,42.0,3.5,0,
GDF716DIHAW%,Dumps,DT14,DT716LP-LE-14-A-G,42.0,42.0,3.5,0,
GDF716DIHAWR,Dumps,DT14,DT716LP-LE-14-A-G,42.0,42.0,3.5,0,
GDF716DIHVWN,Dumps,DT14,DT716LP-LE-14-H,66.0,66.0,5.5,0,
GDF716DIHVWN%,Dumps,DT14,DT716LP-LE-14-H,66.0,66.0,5.5,0,
GDF716DKHA!,Dumps,DT16,DT716LP-LE-16-A-G,42.0,42.0,3.5,0,
GDF716DKHA!G%,Dumps,DT16,DT716LP-LE-16-A-G,42.0,42.0,3.5,0,
GDF716HKHA!%,Dumps,DT16,DT716LP-LE-16-A-G,66.0,66.0,5.5,0,
GDL510EIOBWK,Dumps,DLPX7,DT510LP-7-S,,44.0,3.7,1,category_median
ALLACC-EA610,Equipment,EA12,EA610-ALLACCESS,,30.0,2.5,1,category_median
ALLACC-EA612,Equipment,EA14,EA612,,30.0,2.5,1,category_median
BEC714DESIF-UR,Equipment,EH10,EH14-10-UR,29.0,29.0,2.4,0,
BEC714DESMA,Equipment,EH10,EH14-10,29.0,29.0,2.4,0,
BEC714DGCMHI#2,Equipment,EH12,EH14-10,29.0,29.0,2.4,0,
BEC714FESIA,Equipment,EH10,EH14-10,29.0,29.0,2.4,0,
BEC714OEUIF-UR,Equipment,EH10,EH14-10-S-UR,29.0,29.0,2.4,0,
BEC714QEUIF-UR,Equipment,EH10,EH14-10-S-UR,29.0,29.0,2.4,0,
BEC716CFGIA,Equipment,EHLE10,EH16-10ELE,26.0,26.0,2.2,0,
BEC716CFGIAI4,Equipment,EHLE10,EH16-10ELE,26.0,26.0,2.2,0,
BEC716CFGNA,Equipment,EHLE10,EH16-10ELE,26.0,26.0,2.2,0,
BEC716DESI6,Equipment,EH10,EH16-10,29.0,29.0,2.4,0,
BEC716DESIA,Equipment,EH10,EH16-10,29.0,29.0,2.4,0,
BEC716DESIAJ,Equipment,EH10,EH16-10,29.0,29.0,2.4,0,
BEC716DESIF-UR,Equipment,EH10,EH16-10,29.0,29.0,2.4,0,
BEC716DESJAI8J#1,Equipment,EH10,EH16-10,29.0,29.0,2.4,0,
BEC716DESMA,Equipment,EH10,EH16-10,29.0,29.0,2.4,0,
BEC716DESVA,Equipment,EH10,EH16-10,29.0,29.0,2.4,0,
BEC716DGCIP,Equipment,EH12,EH16-12,29.0,29.0,2.4,0,
BEC716DGCJP,Equipment,EH12,EH16-12,29.0,29.0,2.4,0,
BEC716DGCVP,Equipment,EH12,EH16-12,29.0,29.0,2.4,0,
BEC716FGCIP,Equipment,EH12,EH16-12,29.0,29.0,2.4,0,
BEC716OGDIH-UR,Equipment,EH12,EH16-12-S-UR,29.0,29.0,2.4,0,
BEC716OGDIP,Equipment,EH12,EH16-12-S,29.0,29.0,2.4,0,
BEC718CFGIA,Equipment,EHLE10,EH18-10ELE,26.0,26.0,2.2,0,
BEC718CFGIA#2,Equipment,EHLE10,EH18-10ELE,26.0,26.0,2.2,0,
BEC718CFGIAI4,Equipment,EHLE10,EH18-10ELE,26.0,26.0,2.2,0,
BEC718DESI6,Equipment,EH10,EH18-10,30.0,30.0,2.5,0,
BEC718DESIA,Equipment,EH10,EH18-10,30.0,30.0,2.5,0,
BEC718DESMA#1,Equipment,EH10,EH18-10,30.0,30.0,2.5,0,
BEC718DESVA,Equipment,EH10,EH18-10,30.0,30.0,2.5,0,
BEC718DGCIP,Equipment,EH12,EH18-12,30.0,30.0,2.5,0,
BEC718DGCJP,Equipment,EH12,EH18-12,30.0,30.0,2.5,0,
BEC718DGCVP,Equipment,EH12,EH18-12,30.0,30.0,2.5,0,
BEC718DGCVPX,Equipment,EH12,EH18-12,30.0,30.0,2.5,0,
BEC718NEUJA,Equipment,EH10,EH18-10-S,30.0,30.0,2.5,0,
BEC718OGDIH-UR,Equipment,EH12,EH18-12-S-UR,30.0,30.0,2.5,0,
BEC718OGDIP,Equipment,EH12,EH18-12-S,30.0,30.0,2.5,0,
BEC718QEUIF-UR,Equipment,EH10,EH18-10-S-UR,30.0,30.0,2.5,0,
BEC720CFGIA,Equipment,EHLE10,EH20-10ELE,26.0,26.0,2.2,0,
BEC720CFGIAI8,Equipment,EHLE10,EH20-10ELE,26.0,26.0,2.2,0,
BEC720DESIA,Equipment,EH10,EH20-10,30.0,30.0,2.5,0,
BEC720DESIAX,Equipment,EH10,EH20-10,30.0,30.0,2.5,0,
BEC720DESMA,Equipment,EH10,EH20-10,30.0,30.0,2.5,0,
BEC720DESMA#1,Equipment,EH10,EH20-10,30.0,30.0,2.5,0,
BEX714DIEIP,Equipment,EH14,EH14-14-HD,30.0,30.0,2.5,0,
BEX714DMEIO,Equipment,EH16,EH14-16-HD,30.0,30.0,2.5,0,
BEX716DIEIP,Equipment,EH14,EH16-14-HD,30.0,30.0,2.5,0,
BEX716DIEJP,Equipment,EH14,EH16-14-HD,30.0,30.0,2.5,0,
BEX716DIEVP,Equipment,EH14,EH16-14-HD,30.0,30.0,2.5,0,
BEX716DMEVOX,Equipment,EH16,EH16-16-HD,30.0,30.0,2.5,0,
BEX718DIEIP,Equipment,EH14,EH18-14-HD,30.0,30.0,2.5,0,
BEX718DIEIPX,Equipment,EH14,EH18-14-HD,30.0,30.0,2.5,0,
BEX718DIEIW,Equipment,EH14,EH18-14-HD,30.0,30.0,2.5,0,
BEX718DIEJP,Equipment,EH14,EH18-14-HD,30.0,30.0,2.5,0,
BEX718DIEJPX,Equipment,EH14,EH18-14-HD,30.0,30.0,2.5,0,
BEX718DIEJPX#1,Equipment,EH14,EH18-14-HD,30.0,30.0,2.5,0,
BEX718DIEMP#1,Equipment,EH14,EH18-14-HD,30.0,30.0,2.5,0,
BEX718DIEVP,Equipment,EH14,EH18-14-HD,30.0,30.0,2.5,0,
BEX718DMEIO,Equipment,EH16,EH18-16-HD,31.0,31.0,2.6,0,
BEX718DMEJO,Equipment,EH16,EH18-16-HD,31.0,31.0,2.6,0,
BEX718DMEVO,Equipment,EH16,EH18-16-HD,31.0,31.0,2.6,0,
BEX718DMEVOX,Equipment,EH16,EH18-16-HD,31.0,31.0,2.6,0,
BEX718OIFIH,Equipment,EH18-14-HD-S,EH18-14-HD-S,30.0,30.0,2.5,0,
BEX718RMRIO,Equipment,EH16,EH18-16-HD-S,31.0,31.0,2.6,0,
BEX720DIEIP,Equipment,EH14,EH20-14-HD,30.0,30.0,2.5,0,
BEX720DIEIPX,Equipment,EH14,EH20-14-HD,30.0,30.0,2.5,0,
BEX720DIEIPX#1,Equipment,EH14,EH20-14-HD,30.0,30.0,2.5,0,
BEX720DIEJP,Equipment,EH14,EH20-14-HD,30.0,30.0,2.5,0,
BEX720DIEJPB#1,Equipment,EH14,EH20-14-HD,30.0,30.0,2.5,0,
BEX720DIEJPX,Equipment,EH14,EH20-14-HD,30.0,30.0,2.5,0,
BEX720DIEMP#1,Equipment,EHLS14,EH20-14-HDLS,30.0,30.0,2.5,0,
BEX720DIEMPI8#1,Equipment,EHLS14,EH20-14-HDLS,30.0,30.0,2.5,0,
BEX720DIEVP,Equipment,EH14,EH20-14-HD,30.0,30.0,2.5,0,
BEX720DIEVPJX,Equipment,EH14,EH20-14-HD,30.0,30.0,2.5,0,
BEX720DIEVPX,Equipment,EH14,EH20-14-HD,30.0,30.0,2.5,0,
BEX720DMEIO,Equipment,EH16,EH20-16-HD,31.0,31.0,2.6,0,
BEX720DMEIO#1,Equipment,EH16,EH20-16-HD,31.0,31.0,2.6,0,
BEX720DMEJO,Equipment,EH16,EH20-16-HD,31.0,31.0,2.6,0,
BEX720DMEJOX,Equipment,EH16,EH20-16-HD,31.0,31.0,2.6,0,
BEX720DMEVO,Equipment,EH16,EH20-16-HD,31.0,31.0,2.6,0,
BEX720DMEVOX,Equipment,EH16,EH20-16-HD,31.0,31.0,2.6,0,
BEX720FIEMPJI#1,Equipment,EH14,EH20-14-HD,30.0,30.0,2.5,0,
BEX720FIEVPX7#1,Equipment,EH21,EH20-21-HD,30.0,30.0,2.5,0,
BEX720OIFIP,Equipment,EH14,EH20-14-HD-S,30.0,30.0,2.5,0,
BEX722DIEIP,Equipment,EH14,EH22-14-HD,30.0,30.0,2.5,0,
BEX722DIEIPX,Equipment,EH14,EH22-14-HD,30.0,30.0,2.5,0,
BEX722DIEJPX,Equipment,EH14,EH22-14-HD,30.0,30.0,2.5,0,
BEX722DIEMP#1,Equipment,EHLS14,EH22-14-HDLS,31.0,31.0,2.6,0,
BEX722DIEVP,Equipment,EH14,EH22-14-HD,31.0,31.0,2.6,0,
BEX722HIEMPJ,Equipment,EHG14,EH22-14-HD-GN,,30.0,2.5,1,category_median
EF720DIQ8P,Equipment,EF14,EF20-14-HD,27.0,27.0,2.2,0,
EF720DIQ8PX,Equipment,EF14,EF20-14-HD,27.0,27.0,2.2,0,
EF720DMQ8O,Equipment,EF16,EF20-16-HD,28.0,28.0,2.3,0,
EF720DMQ8OX,Equipment,EF16,EF20-16-HD,28.0,28.0,2.3,0,
GEC718DESIV,Equipment,EH10,EH18-10-GALV,30.0,30.0,2.5,0,
GEX716DIEIW,Equipment,EH14,EH16-14-HD-GALV,30.0,30.0,2.5,0,
GEX718DIEIW,Equipment,EH14,EH18-14-HD-GALV,30.0,30.0,2.5,0,
GEX720DIEIW,Equipment,EH14,EH20-14-HD-GALV,30.0,30.0,2.5,0,
GEX720DIEJWX,Equipment,EH14,EH20-14-HD-GALV,30.0,30.0,2.5,0,
GEX720DMEIO,Equipment,EH16,EH20-16-HD-GALV,31.0,31.0,2.6,0,
GEX720DMEIZ,Equipment,EH16,EH20-16-HD-GALV,31.0,31.0,2.6,0,
GEX722DIEVW,Equipment,EH14,EH22-14-HD-GALV,30.0,30.0,2.5,0,
GF720DIQ8W,Equipment,EF14,EF20-14-HD,27.0,27.0,2.2,0,
GF720DMQ8O,Equipment,EF16,EF20-16-HD,28.0,28.0,2.3,0,
BEO824HIJIPX,Flatbed Gooseneck,EHDG14,EH824-14-GN,,72.0,6.0,1,category_median
BEO824HIJVP#1,Flatbed Gooseneck,EHDG14,EH824-14-GN,,72.0,6.0,1,category_median
EL825PQA8LF#1,Flatbed Gooseneck,EDBG25,EDG25-25,76.0,76.0,6.3,0,
EL828HOASLJ,Flatbed Gooseneck,EDBG23,EDG28-23,76.0,76.0,6.3,0,
EL828PQASLBJQS#1,Flatbed Gooseneck,EDBG25,EDG28-25,76.0,76.0,6.3,0,
EL830PQA8L,Flatbed Gooseneck,EDBG25,EDG30-25,76.0,76.0,6.3,0,
EL830PQA8LB,Flatbed Gooseneck,EDBG25,EDG30-25,76.0,76.0,6.3,0,
EL832HOALL,Flatbed Gooseneck,EDG32-23,EDG32-23,76.0,76.0,6.3,0,
EL836PQA8LFGZ,Flatbed Gooseneck,EDBG25,EDG36-25,76.0,76.0,6.3,0,
EO820HIA8P,Flatbed Gooseneck,EHDG16,EDG20-16,72.0,72.0,6.0,0,
EO820HMA8OF,Flatbed Gooseneck,EHDG19,EDG20-19,72.0,72.0,6.0,0,
EO824HIA8P,Flatbed Gooseneck,EHDG16,EDG24-16,72.0,72.0,6.0,0,
EO824HIA8PX,Flatbed Gooseneck,EHDG16,EDG24-16,72.0,72.0,6.0,0,
EO824HIA8R,Flatbed Gooseneck,EHDG16,EDG24-16,72.0,72.0,6.0,0,
EO824HMA8O,Flatbed Gooseneck,EHDG19,EDG24-19,72.0,72.0,6.0,0,
EO828HIASIJ,Flatbed Gooseneck,EHDG16,EDG28-16,72.0,72.0,6.0,0,
EO828HMA8O,Flatbed Gooseneck,EHDG19,EDG28-19,72.0,72.0,6.0,0,
EO830HIASPBGJ,Flatbed Gooseneck,EHDG16,EDG30-16,72.0,72.0,6.0,0,
EO830HIASPT,Flatbed Gooseneck,EHDG16,EDG30-16,72.0,72.0,6.0,0,
GEL830PQB8N,Flatbed Gooseneck,EDBG25,EDG30-25-GALV,76.0,76.0,6.3,0,
BCF718CBFS3,Car Haulers,CH7,CH18-7-FULL,,25.0,2.1,1,category_median
BCF718CBFS3EJ,Car Haulers,CH7,CH18-7-FULL,,25.0,2.1,1,category_median
BCF718CBFSCEIJ#1,Car Haulers,CH7,CH18-7-FULL,,25.0,2.1,1,category_median
BCF718CEWSA,Car Haulers,CH10,CH18-10-FULL,,25.0,2.1,1,family_median
BCF718CEWSAJ,Car Haulers,CH10,CH18-10-FULL,,25.0,2.1,1,family_median
BCF718DBWT3,Car Haulers,CHT7,CHT18-7,,25.0,2.1,1,category_median
BCF718DGETA,Car Haulers,CHT10,CHT18-10,,25.0,2.1,1,family_median
BCF720CEWS6,Car Haulers,CH10,CH20-10-FULL,25.0,25.0,2.1,0,
BCF720CEWSA,Car Haulers,CH10,CH20-10-FULL,25.0,25.0,2.1,0,
BCF720CEWSAJ,Car Haulers,CH10,CH20-10-FULL,25.0,25.0,2.1,0,
BCF720CEWSFEIJ#1,Car Haulers,CH10,CH20-10-FULL,25.0,25.0,2.1,0,
BCF720DGET6,Car Haulers,CHT10,CHT20-10,25.0,25.0,2.1,0,
BCF720DGETA,Car Haulers,CHT10,CHT20-10,25.0,25.0,2.1,0,
GCF720DGETGGK,Car Haulers,CHT10,CHT20-10-GALV,25.0,25.0,2.1,0,
BDUMPINSERTDA,Other,DI-100,DI-100-8,26.0,26.0,2.2,0,
BDUMPINSERTDA6,Other,DI-100,DI-100-6,26.0,26.0,2.2,0,
GDUMPINSERTDA,Other,DI-100,DI-100-8-GALV,26.0,26.0,2.2,0,
GDUMPINSERTDA6,Other,DI-100,DI-100-GALV,26.0,26.0,2.2,0,
BEO814CFCLF,Deck-Over Tag-Along,EHDLE10,EH814F-10LE,38.0,38.0,3.2,0,
BEO815FMBLO3#1,Deck-Over Tag-Along,EHD16,EH815F-16,38.0,38.0,3.2,0,
BEO818DIJLP3,Deck-Over Tag-Along,EHD14,EH818F-14,38.0,38.0,3.2,0,
BEO820DEYIA,Deck-Over Tag-Along,EHD10,EH820-10,38.0,38.0,3.2,0,
BEO820DEYIAI8#1,Deck-Over Tag-Along,EHD10,EH820-10,38.0,38.0,3.2,0,
BEO820DEYLA,Deck-Over Tag-Along,EHD10,EH820F-10,38.0,38.0,3.2,0,
BEO820DEYLA#2,Deck-Over Tag-Along,EHD10,EH820F-10,38.0,38.0,3.2,0,
BEO820DEYLAB,Deck-Over Tag-Along,EHD10,EH820F-10,38.0,38.0,3.2,0,
BEO820DEYMA,Deck-Over Tag-Along,EHD10,EH820-10,38.0,38.0,3.2,0,
BEO820DIJIP,Deck-Over Tag-Along,EHD14,EH820-14,38.0,38.0,3.2,0,
BEO820DIJLP,Deck-Over Tag-Along,EHD14,EH820F-14,38.0,38.0,3.2,0,
BEO820DIJLP#1,Deck-Over Tag-Along,EHD14,EH820F-14,38.0,38.0,3.2,0,
BEO820DIJVP,Deck-Over Tag-Along,EHD14,EH820-14,38.0,38.0,3.2,0,
BEO820HIJIP,Deck-Over Tag-Along,EHDG14,EH820-14-GN,38.0,38.0,3.2,0,
BEO820NFEIA,Deck-Over Tag-Along,EHD10,EH820-10-S,38.0,38.0,3.2,0,
BEO820PENNDOT,Deck-Over Tag-Along,EHD10,EH820-10-S-PD,38.0,38.0,3.2,0,
BEO824DIJIP,Deck-Over Tag-Along,EHD14,EH824-14,38.0,38.0,3.2,0,
BEO824DIJIPX,Deck-Over Tag-Along,EHD14,EH824-14,38.0,38.0,3.2,0,
BEO824DIJLP,Deck-Over Tag-Along,EHD14,EH824F-14,38.0,38.0,3.2,0,
BEO824DIJLP#2,Deck-Over Tag-Along,EHD14,EH824F-14,38.0,38.0,3.2,0,
BEO824DIJLPB,Deck-Over Tag-Along,EHD14,EH824F-14,38.0,38.0,3.2,0,
BEO824DIJMP,Deck-Over Tag-Along,EHD14,EH824-14,38.0,38.0,3.2,0,
EL820GOB8L,Deck-Over Tag-Along,EDB23,EDB20-23,,38.0,3.2,1,category_median
EL825GOA8LB,Deck-Over Tag-Along,EDB23,EDB25-23,,38.0,3.2,1,category_median
EL825GOALL,Deck-Over Tag-Along,EDB23,EDB25-23,,38.0,3.2,1,category_median
EL825GQA8LFS2,Deck-Over Tag-Along,EDB25,EDB25-25,,38.0,3.2,1,category_median
EL825GQALL,Deck-Over Tag-Along,EDB25,EDB25-25,,38.0,3.2,1,category_median
EL828GOALL,Deck-Over Tag-Along,EDB23,EDB28-23,,38.0,3.2,1,category_median
EO820DIA8P,Deck-Over Tag-Along,EHD15,EDB20-15,,38.0,3.2,1,category_median
EO820DIAN9#2,Deck-Over Tag-Along,EHD15,EDB20-15,,38.0,3.2,1,category_median
EO820DMA8O,Deck-Over Tag-Along,EHD17,EDB20-17,,38.0,3.2,1,category_median
EO820DMANO#2,Deck-Over Tag-Along,EHD17,EDB20-17,,38.0,3.2,1,category_median
EO820FMA8OBS,Deck-Over Tag-Along,EHD17,EDB20-17,,38.0,3.2,1,category_median
EO820FMALO4,Deck-Over Tag-Along,EHD17,EDB20-17,,38.0,3.2,1,category_median
EO824DIA8P,Deck-Over Tag-Along,EHD15,EDB24-15,,38.0,3.2,1,category_median
EO824DIA8PI6J,Deck-Over Tag-Along,EHD15,EDB24-15,,38.0,3.2,1,category_median
EO824DIA8RBI6J,Deck-Over Tag-Along,EHD15,EDB24-15,,38.0,3.2,1,category_median
EO824DMA8O,Deck-Over Tag-Along,EHD17,EDB24-17,,38.0,3.2,1,category_median
EO824DMA8OB,Deck-Over Tag-Along,EHD17,EDB24-17,,38.0,3.2,1,category_median
EO824DMALO,Deck-Over Tag-Along,EHD17,EDB24-17,,38.0,3.2,1,category_median
EO824DMALO4#1,Deck-Over Tag-Along,EHD17,EDB24-17,,38.0,3.2,1,category_median
EO824FIALPB,Deck-Over Tag-Along,EHD15,EDB24-15,,38.0,3.2,1,category_median
EO824FMA8OB,Deck-Over Tag-Along,EDB24-17,EQUIPMENT,,38.0,3.2,1,category_median
EO828DIA8PB,Deck-Over Tag-Along,EDB15,EDB28-15,,38.0,3.2,1,category_median
EO828DIALP,Deck-Over Tag-Along,EDB15,EDB28-15,,38.0,3.2,1,category_median
EO828DMA8OB,Deck-Over Tag-Along,EDB28-17,EDB28-17,,38.0,3.2,1,category_median
EO828DMALOBJT,Deck-Over Tag-Along,EHD17,EDB28-17,,38.0,3.2,1,category_median
EO840HJI8RQSZ2I#1,Deck-Over Tag-Along,EHDG15,EDG40-15,,38.0,3.2,1,category_median
GEL825GQB8NBFT,Deck-Over Tag-Along,EDB25,EDB25-25-GALV,,38.0,3.2,1,category_median
GEO820DEYIV,Deck-Over Tag-Along,EHD10,EH820-10-GALV,28.0,28.0,2.3,0,
GEO820DIJIW,Deck-Over Tag-Along,EHD14,EH820-14-GALV,30.0,30.0,2.5,0,
GEO824DIJIW,Deck-Over Tag-Along,EHD14,EH824-14-GALV,30.0,30.0,2.5,0,
GEO824DIJL!,Deck-Over Tag-Along,EHD14,EH824F-14-GALV,30.0,30.0,2.5,0,
GO824DIALW,Deck-Over Tag-Along,EHD15,EDB24-15,,38.0,3.2,1,category_median
GO824DIANW,Deck-Over Tag-Along,EHD15,EDB24-15,,38.0,3.2,1,category_median
GO824DMA8O,Deck-Over Tag-Along,EHD17,EDB24-17,,38.0,3.2,1,category_median
GO824DMAWO,Deck-Over Tag-Along,EHD17,EDB24-17,,38.0,3.2,1,category_median
GO824DMAWZ,Deck-Over Tag-Along,EHD17,EDB24-17,,38.0,3.2,1,category_median
BTG512DGKNP,Tilts,TI6,T512-6,,28.0,2.3,1,category_median
BTG512NGLNP,Tilts,TI6,T512-6-S,,28.0,2.3,1,category_median
BTG512SGLNH,Tilts,T512-6-S,T512-6-S,,28.0,2.3,1,category_median
BTG712DGCNP,Tilts,TI6,T712-6,,28.0,2.3,1,category_median
BTG712DGCNS,Tilts,TI6,T712-6,,28.0,2.3,1,category_median
BTG712DIENH-UR,Tilts,TI7,T712-7-UR,,28.0,2.3,1,category_median
BTG712NGDNP,Tilts,TI6,T712-6-S,,28.0,2.3,1,category_median
BTG712NIFNH-UR,Tilts,TI7,T712-7-S-UR,,28.0,2.3,1,category_median
BTG712SIFNH-UR,Tilts,TI7,T712-7-S-UR,,28.0,2.3,1,category_median
BTG716DESNA,Tilts,TI10,T16-10,28.0,28.0,2.3,0,
BTG716DESNF-UR,Tilts,TI10,T16-10-UR,28.0,28.0,2.3,0,
BTG716DIENP3,Tilts,TI14,T16-14,28.0,28.0,2.3,0,
BTG716FIENH-UR,Tilts,TI14,T16-14-UR,28.0,28.0,2.3,0,
BTG716FIENH-URDP,Tilts,TI14,T16-14-URDP,28.0,28.0,2.3,0,
BTG716NEUNF-UR,Tilts,TI10,T16-10-S-UR,28.0,28.0,2.3,0,
BTG716NEUNF-URDP,Tilts,TI10,T16-10-S-URDP,28.0,28.0,2.3,0,
BTG716OIFNH-UR,Tilts,TI14,T16-14-S-UR,28.0,28.0,2.3,0,
BTG716OIFNH-URDP,Tilts,TI14,T16-14-S-URDP,28.0,28.0,2.3,0,
BTG716RIFNH-UR,Tilts,TI14,T16-14-S-UR,28.0,28.0,2.3,0,
BTG716RIFNH-URDP,Tilts,TI14,T16-14-S-URDP,28.0,28.0,2.3,0,
BTG716SEUNF-UR,Tilts,TI10,T16-10-S-UR,28.0,28.0,2.3,0,
BTG716SEUNF-URDP,Tilts,TI10,T16-10-S-URDP,28.0,28.0,2.3,0,
BTH718DIENI#1,Tilts,TH14,HT18-14,32.0,32.0,2.7,0,
BTH718DIENP,Tilts,TH14,HT18-14,32.0,32.0,2.7,0,
BTH718DIENP-UR,Tilts,TH14,HT18-14,32.0,32.0,2.7,0,
BTH718DIENPG,Tilts,TH14,HT18-14,32.0,32.0,2.7,0,
BTH718FIENP,Tilts,TH14,HT18-14,32.0,32.0,2.7,0,
BTH720DIENP,Tilts,THS14,HT20D-14HD,29.0,29.0,2.4,0,
GH822DMDHZBST2#1,Tilts,THD17,THD22-17,,28.0,2.3,1,category_median
GH824DIBNW,Tilts,THD15,THD24-15,,34.0,2.8,1,family_median
GH824DMBNZGJ,Tilts,THD17,THD24-17,,28.0,2.3,1,category_median
GTG712DGCNW,Tilts,TI6,T712-6-GALV,,28.0,2.3,1,category_median
GTG716DESNV,Tilts,TI10,T16-10-GALV,,28.0,2.3,1,family_median
GTH716DESNVGI#1,Tilts,TH10,HT16-10,28.0,28.0,2.3,0,
GTH718DIENW,Tilts,HT18-14,HT18-14,28.0,28.0,2.3,0,
GTH718FIENWK#1,Tilts,TH14,HT18-14,28.0,28.0,2.3,0,
GTH720DIENSGK#1,Tilts,THS14,HT20D-14HD,28.0,28.0,2.3,0,
GTH720DIENW,Tilts,THS14,HT20D-14HD,28.0,28.0,2.3,0,
TG718DIUNP,Tilts,TGS15,TG18-15,,28.0,2.3,1,category_median
TG718DIUNPI6X,Tilts,TGS15,TG18-15,,28.0,2.3,1,category_median
TG718DMNNO,Tilts,TGS17,TG18-17,,28.0,2.3,1,category_median
TG720DIUNP,Tilts,TGS15,TG20-15,,28.0,2.3,1,category_median
TG720DMNNO,Tilts,TGS17,TG20-17,,28.0,2.3,1,category_median
TG720FIUNII6,Tilts,TGS15,TG20-15,,28.0,2.3,1,category_median
TG720FIUNP,Tilts,TGS15,TG20-15,,28.0,2.3,1,category_median
TG720FMONO,Tilts,TGS17,TG20-17,,28.0,2.3,1,category_median
TG722DIUNP,Tilts,TGS15,TG22-15,,28.0,2.3,1,category_median
TG722DMNNO,Tilts,TGS17,TG22-17,,28.0,2.3,1,category_median
TG722DMNNOX,Tilts,TGS17,TG22-17,,28.0,2.3,1,category_median
TH720DIUNP,Tilts,THS15,TH20-15,26.0,26.0,2.2,0,
TH720DIUNPGI6J#1,Tilts,TH15,TH20-15-FULL,26.0,26.0,2.2,0,
TH720DIUNPI6J#1,Tilts,TH15,TH20-15-FULL,26.0,26.0,2.2,0,
TH720DIUNPIJ#1,Tilts,TH15,TH20-15-FULL,26.0,26.0,2.2,0,
TH720DMNNO,Tilts,THS17,TH20-17,30.0,30.0,2.5,0,
TH722DIUNP,Tilts,THS15,TH22-15,26.0,26.0,2.2,0,
TH722DIUNPGJ,Tilts,THS15,TH22-15,26.0,26.0,2.2,0,
TH722DIUNPI6J#1,Tilts,TH15,TH22-15-FULL,26.0,26.0,2.2,0,
TH722DIUNPJ,Tilts,THS15,TH22-15,26.0,26.0,2.2,0,
TH722DMNN4GXY,Tilts,THS17,TH22-17,30.0,30.0,2.5,0,
TH722DMNNO,Tilts,THS17,TH22-17,30.0,30.0,2.5,0,
TH722DMNNOBI6JY#1,Tilts,THS17,TH22-17,30.0,30.0,2.5,0,
TH722FMNNOGXY,Tilts,THS17,TH22-17,30.0,30.0,2.5,0,
TH822DIBNPBJ,Tilts,THD15,THD22-15,34.0,34.0,2.8,0,
TH822DIBNPJ,Tilts,THD15,THD22-15,34.0,34.0,2.8,0,
TH822DMBNO,Tilts,THD17,THD22-17,,28.0,2.3,1,category_median
TH824DIBHPBS,Tilts,THD15,THD24-15,34.0,34.0,2.8,0,
TH824DIBHPGS,Tilts,THD15,THD24-15,34.0,34.0,2.8,0,
TH824DIBNPBGT,Tilts,THD15,THD24-15,34.0,34.0,2.8,0,
TH824DIBNPGJT,Tilts,THD15,THD24-15,34.0,34.0,2.8,0,
TH824DIBNPI6J,Tilts,THD15,THD24-15,34.0,34.0,2.8,0,
TH824DIBNPJ,Tilts,THD15,THD24-15,34.0,34.0,2.8,0,
TH824DMBHOBJ,Tilts,THD17,THD24-17,,28.0,2.3,1,category_median
TH824DMBHOBJS,Tilts,THD17,THD24-17,,28.0,2.3,1,category_median
TH824DMBNOBGI8JT2,Tilts,THD17,THD24-17,,28.0,2.3,1,category_median
TH824DMBNOBGJS,Tilts,THD17,THD24-17,,28.0,2.3,1,category_median
TH824DMBNOBGJT,Tilts,THD17,THD24-17,,28.0,2.3,1,category_median
TH824DMBNOJ,Tilts,THD17,THD24-17,,28.0,2.3,1,category_median
TH824DMDH4BI4JS#1,Tilts,THD17,THD24-17,,28.0,2.3,1,category_median
TH824GOANL,Tilts,THDB23,THDB24-23,,28.0,2.3,1,category_median
TH824GOBHLGS,Tilts,THDB23,THDB24-23,,28.0,2.3,1,category_median
TH824HJAH9JS,Tilts,THDG16,THDG24-16,,28.0,2.3,1,category_median
TH824HJANPGB#1,Tilts,THDG16,THDG24-16,,28.0,2.3,1,category_median
TH824HJANPJI6,Tilts,THDG16,THDG24-16,,28.0,2.3,1,category_median
TH824HMHHOJS,Tilts,THDG19,THDG24-19,,28.0,2.3,1,category_median
TH824HMHNOJ,Tilts,THDG19,THDG24-19,,28.0,2.3,1,category_median
TH826DIBNPA,Tilts,THDS15,THD26-15,35.0,35.0,2.9,0,
TH826DMBH&ABGJT,Tilts,THDS17,THD26-17,,28.0,2.3,1,category_median
TH826DMBNOA,Tilts,THDS17,THD26-17,,28.0,2.3,1,category_median
TH826GOANLI#1,Tilts,THDB26-23,THDB26-23,,28.0,2.3,1,category_median
TH828PQANLGJT,Tilts,THDG25,THDG28-25,,28.0,2.3,1,category_median
TH830HOANLG,Tilts,THDG23,THDG30-23,,28.0,2.3,1,category_median
BUA508BBBE3,Single-Axle Utility,UTE3,UTE-508,,34.0,2.8,1,similar_footprint
BUA510BBBE3,Single-Axle Utility,UTE3,UTE-510,,39.0,3.2,1,similar_footprint
BUA610BBDE3,Single-Axle Utility,UTE3,UTE-610,,39.0,3.2,1,similar_footprint
BUA612BBDE3,Single-Axle Utility,UTE3,UTE-612,,39.0,3.2,1,similar_footprint
BUT508BBBE3E,Single-Axle Utility,UT3,UT-508,,34.0,2.8,1,similar_footprint
BUT610BBDF3,Single-Axle Utility,UT3,UT-610,,39.0,3.2,1,similar_footprint
BUT610BBDF3E,Single-Axle Utility,UT3,UT-610-12EXP,,39.0,3.2,1,similar_footprint
BUT610BBDF3F,Single-Axle Utility,UT3,UT-610-24EXP,,39.0,3.2,1,similar_footprint
BUT612BBDF3,Single-Axle Utility,UT3,UT-612,,39.0,3.2,1,similar_footprint
BUT614BBDF3,Single-Axle Utility,UT3,UT-614,,22.0,1.8,1,similar_footprint
BUT614BBDF5,Single-Axle Utility,UT3,UT-614,,22.0,1.8,1,similar_footprint
BUT614BBDH3F,Single-Axle Utility,UT3,UT-614-SR,,22.0,1.8,1,similar_footprint
