order_id,so_num,order_due_date,order_created_date,order_ship_date,plant,customer,cust_name,address1,address2,city,state,zip,normalized_zip,dest_lat,dest_lng,origin_plant_lat,origin_plant_lng,origin_to_dest_miles_haversine,ia_state_rate_per_mile,standalone_estimated_cost_single_stop,requires_return_to_origin_lowes_rule,total_qty,total_sales,order_total_length_ft,order_utilization_pct,order_utilization_grade,order_utilization_credit_ft,order_exceeds_capacity,line_count,order_is_excluded,needs_review,order_status,last_seen_at,closed_at,last_upload_id,days_until_due,window_start_date,window_end_date,line_rows_in_export,order_has_blocking_line_assignment,order_has_any_excluded_line,order_has_any_eligible_line_now
2093,12536079,2026-02-13,2025-09-02,2026-02-13,IA,RUNNINGS,RUNNINGS,501 US HIGHWAY 10 SE,(320) 281-6620,ST. CLOUD,MN,56304,56304,45.52512,-94.05199,41.55944,-95.9025,289.25,3.2,980.59,0,9,12839.99,37.0,61.9,C,32.8,0,6,0,0,OPEN,2026-02-12T22:59:23,,18,0,2026-02-13,2026-02-27,6,1,0,0
3168,12536080,2026-02-13,2025-09-02,2026-02-13,IA,RUNNINGS,RUNNINGS,1212 SOUTH INDUSTRY AVE,(605) 256-4545,MADISON,SD,57042,57042,43.97744,-97.15133,41.55944,-95.9025,178.68,3.5,800.0,0,5,5037.73,21.0,29.1,F,15.4,0,3,0,0,OPEN,2026-02-12T22:59:23,,18,0,2026-02-13,2026-02-27,3,1,0,0
2255,12536081,2026-02-13,2025-09-02,2026-02-13,IA,RUNNINGS,RUNNINGS,3709 E. 10TH ST.,(605)336-2494,SOUIX FALLS,SD,57103,57103,43.538,-96.69241,41.55944,-95.9025,142.5,3.5,800.0,0,5,7048.29,30.0,42.1,D,22.3,0,4,0,0,OPEN,2026-02-12T22:59:23,,18,0,2026-02-13,2026-02-27,4,1,0,0
2533,12537322,2026-02-13,2025-09-11,2026-02-13,IA,RUNNINGS,RUNNINGS,1020 N. LACROSSE,(605)-342-9008,RAPID CITY,SD,57701,57701,44.1209,-103.20562,41.55944,-95.9025,409.97,3.5,1489.89,0,3,4971.81,14.0,19.8,F,10.5,0,1,0,0,OPEN,2026-02-12T22:59:23,,18,0,2026-02-13,2026-02-27,1,1,0,0
4828,12600622,2026-02-15,2026-01-12,2026-03-06,IA,MATTOON RURAL KING SUPPLY #132,MATTOON RURAL KING SUPPLY #132,3404 Broadway Street,,Mt. Vernon,IL,62864,62864,38.33041,-88.90272,41.55944,-95.9025,432.55,2.7,1222.88,0,4,3689.25,13.0,20.8,F,11.0,0,2,0,0,OPEN,2026-02-12T22:59:23,,18,2,2026-02-13,2026-02-27,2,1,0,0
5304,12600631,2026-02-15,2026-01-12,2026-03-06,IA,MATTOON RURAL KING SUPPLY #17,MATTOON RURAL KING SUPPLY #17,1702 W Main St,(618)-529-8618,Carbondale,IL,62901,62901,37.74003,-89.20946,41.55944,-95.9025,442.99,2.7,1251.08,0,3,4150.0,14.0,19.8,F,10.5,0,2,0,0,OPEN,2026-02-12T22:59:23,,18,2,2026-02-13,2026-02-27,2,1,0,0
4918,12600656,2026-02-15,2026-01-12,2026-03-06,IA,MATTOON RURAL KING SUPPLY #01,MATTOON RURAL KING SUPPLY #01,700 Broadway Ave E Ste 15,SUITE 15,Mattoon,IL,61938,61938,39.48004,-88.37571,41.55944,-95.9025,420.48,2.7,1190.29,0,4,4484.5,14.0,23.8,F,12.6,0,3,0,0,OPEN,2026-02-12T22:59:23,,18,2,2026-02-13,2026-02-27,3,1,0,0
6435,12600657,2026-02-15,2026-01-12,2026-03-06,IA,MATTOON RURAL KING SUPPLY #2,MATTOON RURAL KING SUPPLY #2,1103 N Main St,(217)-463-3250,Paris,IL,61944,61944,39.59969,-87.70146,41.55944,-95.9025,450.98,2.7,1272.64,0,3,3679.75,14.0,18.5,F,9.8,0,3,0,0,OPEN,2026-02-12T22:59:23,,18,2,2026-02-13,2026-02-27,3,1,0,0
4912,12600658,2026-02-15,2026-01-12,2026-03-06,IA,MATTOON RURAL KING SUPPLY #3,MATTOON RURAL KING SUPPLY #3,1410 Veterans Ave,(618)-283-1216,Vandalia,IL,62471,62471,38.95859,-89.13257,41.55944,-95.9025,399.5,2.7,1133.65,0,3,2884.5,13.0,15.9,F,8.5,0,2,0,0,OPEN,2026-02-12T22:59:23,,18,2,2026-02-13,2026-02-27,2,1,0,0
6324,12600659,2026-02-15,2026-01-12,2026-03-06,IA,MATTOON RURAL KING SUPPLY #4,MATTOON RURAL KING SUPPLY #4,1324 W Hudson Dr,(217)-324-6154,Litchfield,IL,62056,62056,39.1765,-89.67165,41.55944,-95.9025,366.9,2.7,1045.64,0,8,22740.1,53.0,86.5,A,45.9,1,6,0,0,OPEN,2026-02-12T22:59:23,,18,2,2026-02-13,2026-02-27,6,1,0,0
4917,12600660,2026-02-15,2026-01-12,2026-03-06,IA,MATTOON RURAL KING SUPPLY #6,MATTOON RURAL KING SUPPLY #6,201 Walk Ave,(217)-347-2533,Effingham,IL,62401,62401,39.11843,-88.56467,41.55944,-95.9025,421.49,2.7,1193.01,0,6,8253.74,25.0,39.2,F,20.8,0,4,0,0,OPEN,2026-02-12T22:59:23,,18,2,2026-02-13,2026-02-27,4,1,0,0
5305,12600661,2026-02-15,2026-01-12,2026-03-06,IA,MATTOON RURAL KING SUPPLY #7,MATTOON RURAL KING SUPPLY #7,740 N Market St,(618)-939-0011,Waterloo,IL,62298,62298,38.30906,-90.15132,41.55944,-95.9025,378.4,2.7,1076.67,0,5,5289.25,21.0,29.1,F,15.4,0,3,0,0,OPEN,2026-02-12T22:59:23,,18,2,2026-02-13,2026-02-27,3,1,0,0
4704,12600665,2026-02-15,2026-01-12,2026-03-06,IA,MATTOON RURAL KING SUPPLY #11,MATTOON RURAL KING SUPPLY #11,1475 18th St,(217)-345-8030,Charleston,IL,61920,61920,39.50415,-88.16448,41.55944,-95.9025,430.29,2.7,1216.79,0,6,8253.74,25.0,39.2,F,20.8,0,4,0,0,OPEN,2026-02-12T22:59:23,,18,2,2026-02-13,2026-02-27,4,1,0,0
4772,12600668,2026-02-15,2026-01-12,2026-03-06,IA,MATTOON RURAL KING SUPPLY #16,MATTOON RURAL KING SUPPLY #16,1301 Enterprise Way,(618)-993-0660,Marion,IL,62959,62959,37.71442,-88.91463,41.55944,-95.9025,456.75,2.7,1288.23,0,5,6084.5,21.0,29.1,F,15.4,0,3,0,0,OPEN,2026-02-12T22:59:23,,18,2,2026-02-13,2026-02-27,3,1,0,0
4804,12600684,2026-02-15,2026-01-12,2026-03-06,IA,MATTOON RURAL KING SUPPLY #37,MATTOON RURAL KING SUPPLY #37,1920 S Mount Zion Rd,217-864-5700,Decatur,IL,62521,62521,39.81435,-88.93086,41.55944,-95.9025,384.54,2.7,1093.25,0,5,6653.74,25.0,36.6,F,19.4,0,4,0,0,OPEN,2026-02-12T22:59:23,,18,2,2026-02-13,2026-02-27,4,1,0,0
5389,12600687,2026-02-15,2026-01-12,2026-03-06,IA,MATTOON RURAL KING SUPPLY #40,MATTOON RURAL KING SUPPLY #40,62 Rend Lake Plaza,(618) 439-4159,Benton,IL,62812,62812,38.00487,-88.92249,41.55944,-95.9025,444.4,2.7,1254.89,0,5,5289.25,21.0,29.1,F,15.4,0,3,0,0,OPEN,2026-02-12T22:59:23,,18,2,2026-02-13,2026-02-27,3,1,0,0
4853,12600688,2026-02-15,2026-01-12,2026-03-06,IA,MATTOON RURAL KING SUPPLY #41,MATTOON RURAL KING SUPPLY #41,550 E Industrial Park Rd,618-684-3123,Murphysboro,IL,62966,62966,37.7693,-89.35198,41.55944,-95.9025,435.66,2.7,1231.28,0,7,10422.98,31.0,49.9,D,26.5,0,4,0,0,OPEN,2026-02-12T22:59:23,,18,2,2026-02-13,2026-02-27,4,1,0,0
4915,12600691,2026-02-15,2026-01-12,2026-03-06,IA,MATTOON RURAL KING SUPPLY #44,MATTOON RURAL KING SUPPLY #44,913 W Marketview Dr,(217)-403-1011,Champaign,IL,61822,61822,40.13693,-88.30453,41.55944,-95.9025,408.96,2.7,1159.2,0,6,7458.49,25.0,39.2,F,20.8,0,4,0,0,OPEN,2026-02-12T22:59:23,,18,2,2026-02-13,2026-02-27,4,1,0,0
4716,12600692,2026-02-15,2026-01-12,2026-03-06,IA,MATTOON RURAL KING SUPPLY #45,MATTOON RURAL KING SUPPLY #45,15190 Veterans Memorial Pkwy,636-332-9003,Wentzville,MO,63385,63385,38.79732,-90.85649,41.55944,-95.9025,327.61,2.75,955.94,0,5,6653.74,25.0,36.6,F,19.4,0,4,0,0,OPEN,2026-02-12T22:59:23,,18,2,2026-02-13,2026-02-27,4,1,0,0
5362,12600693,2026-02-15,2026-01-12,2026-03-06,IA,MATTOON RURAL KING SUPPLY #46,MATTOON RURAL KING SUPPLY #46,9525 Collinsville Rd,618-344-0105,Collinsville,IL,62234,62234,38.68214,-89.9815,41.55944,-95.9025,370.55,2.7,1055.47,0,10,23780.36,45.0,79.6,B,42.2,0,5,0,0,OPEN,2026-02-12T22:59:23,,18,2,2026-02-13,2026-02-27,5,1,0,0
4803,12600694,2026-02-15,2026-01-12,2026-03-06,IA,MATTOON RURAL KING SUPPLY #47,MATTOON RURAL KING SUPPLY #47,701 N Commercial St,,Harrisburg,IL,62946,62946,37.7028,-88.52887,41.55944,-95.9025,474.05,2.7,1334.95,0,3,3679.75,14.0,18.5,F,9.8,0,3,0,0,OPEN,2026-02-12T22:59:23,,18,2,2026-02-13,2026-02-27,3,1,0,0
4854,12600696,2026-02-15,2026-01-12,2026-03-06,IA,MATTOON RURAL KING SUPPLY #50,MATTOON RURAL KING SUPPLY #50,1350 38th St,815-220-0361,Peru,IL,61354,61354,41.33158,-89.14281,41.55944,-95.9025,350.38,2.7,1001.02,0,6,13240.099999999999,31.0,51.1,D,27.1,0,5,0,0,OPEN,2026-02-12T22:59:23,,18,2,2026-02-13,2026-02-27,5,1,0,0
5368,12600701,2026-02-15,2026-01-12,2026-03-06,IA,MATTOON RURAL KING SUPPLY #55,MATTOON RURAL KING SUPPLY #55,15606 W US Highway 34,630-552-8754,Plano,IL,60545,60545,41.67815,-88.53587,41.55944,-95.9025,380.5,2.7,1082.36,0,8,22740.1,53.0,86.5,A,45.9,1,6,0,0,OPEN,2026-02-12T22:59:23,,18,2,2026-02-13,2026-02-27,6,1,0,0
147,12545720,2026-02-16,2025-12-22,2026-02-16,IA,"LOWE'S OF CARBONDALE, ILL.","LOWE'S OF CARBONDALE, ILL.",1170 RENDLEMAN RD,(618)-529-8400,CARBONDALE,IL,62901,62901,37.74003,-89.20946,41.55944,-95.9025,442.99,2.7,1251.08,1,5,4216.2,7.0,13.2,F,7.0,0,1,0,0,OPEN,2026-02-12T22:59:23,,18,3,2026-02-13,2026-02-27,1,1,0,0
3343,12546586,2026-02-16,2025-12-22,2026-02-16,IA,"LOWE'S OF QUINCY, IL","LOWE'S OF QUINCY, IL",6030 BROADWAY STREET,(217)-228-4250,QUINCY,IL,62305,62305,39.92915,-91.34441,41.55944,-95.9025,263.82,2.7,800.0,1,4,6408.31,16.0,29.7,F,15.7,0,4,0,0,OPEN,2026-02-12T22:59:23,,18,3,2026-02-13,2026-02-27,4,1,0,0
631,12546785,2026-02-16,2025-12-22,2026-02-16,IA,"LOWE'S OF BELLEVILLE, IL","LOWE'S OF BELLEVILLE, IL",2501 GREENMOUNT COMMONS,618-239-3908,BELLEVILLE,IL,62221,62221,38.51187,-89.89922,41.55944,-95.9025,380.92,2.7,1083.48,1,4,6285.0,23.0,32.8,F,17.4,0,2,0,0,OPEN,2026-02-12T22:59:23,,18,3,2026-02-13,2026-02-27,2,1,0,0
5628,12600393,2026-02-16,2026-01-08,2026-02-16,IA,QUINCY FARM SUPPLY CO,QUINCY FARM SUPPLY CO,1203 W. MORTON,(217)-245-4129,JACKSONVILLE,IL,62650,62650,39.73799,-90.22027,41.55944,-95.9025,323.31,2.7,927.92,0,10,13518.75,37.0,61.9,C,32.8,0,3,0,0,OPEN,2026-02-12T22:59:23,,18,3,2026-02-13,2026-02-27,3,1,0,0
4837,12600403,2026-02-16,2026-01-08,2026-02-16,IA,QUINCY FARM SUPPLY CO,QUINCY FARM SUPPLY CO,2600 HOMER M ADAMS PKWY,(618)-462-9688,ALTON,IL,62002,62002,38.93988,-90.12829,41.55944,-95.9025,354.13,2.7,1011.16,0,5,7467.5,23.0,32.8,F,17.4,0,3,0,0,OPEN,2026-02-12T22:59:23,,18,3,2026-02-13,2026-02-27,3,1,0,0
4970,12600407,2026-02-16,2026-01-08,2026-02-16,IA,QUINCY FARM SUPPLY CO,QUINCY FARM SUPPLY CO,3030 WABASH,(217)546-6680,SPRINGFIELD,IL,62704,62704,39.77358,-89.68503,41.55944,-95.9025,348.35,2.7,995.53,0,11,16042.25,37.0,64.5,C,34.2,0,3,0,0,OPEN,2026-02-12T22:59:23,,18,3,2026-02-13,2026-02-27,3,1,0,0
4766,12602924,2026-02-17,2026-01-27,2026-02-17,IA,"LOWE'S OF LUDINGTON, MI","LOWE'S OF LUDINGTON, MI",4460 WEST US 10,231-480-5100,LUDINGTON,MI,49431,49431,43.97251,-86.39792,41.55944,-95.9025,509.79,2.2,1176.54,1,4,3372.96,7.0,10.6,F,5.6,0,1,0,0,OPEN,2026-02-12T22:59:23,,18,4,2026-02-13,2026-02-27,1,1,0,0
5141,12603016,2026-02-20,2026-01-27,2026-02-20,IA,TRACTOR SUPPLY COMPANY,TRACTOR SUPPLY COMPANY,900 21ST AVE SE,(701) 837-9223,MINOT,ND,58701,58701,48.14027,-101.32406,41.55944,-95.9025,526.28,3.26,1770.68,0,1,4234.0,16.0,30.2,F,16.0,0,1,0,0,OPEN,2026-02-12T22:59:23,,18,7,2026-02-13,2026-02-27,1,1,0,0
6271,12603018,2026-02-20,2026-01-27,2026-02-20,IA,TRACTOR SUPPLY COMPANY,TRACTOR SUPPLY COMPANY,2501 NORTH LINCOLN RD,(906)233-0355,ESCANABA,MI,49829,49829,45.76773,-87.16522,41.55944,-95.9025,524.21,2.2,1208.27,0,1,4234.0,16.0,30.2,F,16.0,0,1,0,0,OPEN,2026-02-12T22:59:23,,18,7,2026-02-13,2026-02-27,1,1,0,0
6270,12603019,2026-02-20,2026-01-27,2026-02-20,IA,TRACTOR SUPPLY COMPANY,TRACTOR SUPPLY COMPANY,1308 NORTH DIERS AVE,308-384-6411,GRAND ISLAND,NE,68803,68803,40.95357,-98.41593,41.55944,-95.9025,137.1,3.3,800.0,0,1,4234.0,16.0,30.2,F,16.0,0,1,0,0,OPEN,2026-02-12T22:59:23,,18,7,2026-02-13,2026-02-27,1,1,0,0
6897,12603115,2026-02-20,2026-01-27,2026-02-20,IA,TRACTOR SUPPLY COMPANY,TRACTOR SUPPLY COMPANY,1120 WEST MAIN ST,920-324-9060,WAUPUN,WI,53963,53963,43.63492,-88.73828,41.55944,-95.9025,391.44,2.22,924.01,0,3,2640.0,7.0,7.9,F,4.2,0,1,0,0,OPEN,2026-02-12T22:59:23,,18,7,2026-02-13,2026-02-27,1,1,0,0
6788,12603201,2026-02-20,2026-01-27,2026-02-20,IA,TRACTOR SUPPLY COMPANY,TRACTOR SUPPLY COMPANY,1801 MILWAUKEE AVE,(262)-763-2425,BURLINGTON,WI,53105,53105,42.66412,-88.28045,41.55944,-95.9025,397.94,2.22,938.42,0,1,4234.0,16.0,30.2,F,16.0,0,1,0,0,OPEN,2026-02-12T22:59:23,,18,7,2026-02-13,2026-02-27,1,1,0,0
6121,12603202,2026-02-20,2026-01-27,2026-02-20,IA,TRACTOR SUPPLY COMPANY,TRACTOR SUPPLY COMPANY,120 26TH ST EAST STE 101,(701)-572-8341,WILLISTON,ND,58801,58801,48.23522,-103.76747,41.55944,-95.9025,600.16,3.26,2011.53,0,1,4234.0,16.0,30.2,F,16.0,0,1,0,0,OPEN,2026-02-12T22:59:23,,18,7,2026-02-13,2026-02-27,1,1,0,0
6170,12603210,2026-02-20,2026-01-27,2026-02-20,IA,TRACTOR SUPPLY COMPANY,TRACTOR SUPPLY COMPANY,504 RIVERSTONE PARKWAY,(815)933-3393,KANKAKEE,IL,60901,60901,41.11029,-87.90049,41.55944,-95.9025,416.17,2.7,1178.67,0,1,4234.0,16.0,30.2,F,16.0,0,1,0,0,OPEN,2026-02-12T22:59:23,,18,7,2026-02-13,2026-02-27,1,1,0,0
5049,12603283,2026-02-20,2026-01-27,2026-02-20,IA,TRACTOR SUPPLY COMPANY,TRACTOR SUPPLY COMPANY,4841 8TH ST SOUTH,(715) 424-0690,WISCONSIN RAPIDS,WI,54494,54494,44.34414,-89.74054,41.55944,-95.9025,366.1,2.22,867.74,0,3,2640.0,7.0,7.9,F,4.2,0,1,0,0,OPEN,2026-02-12T22:59:23,,18,7,2026-02-13,2026-02-27,1,1,0,0
5237,12603287,2026-02-20,2026-01-27,2026-02-20,IA,TRACTOR SUPPLY COMPANY,TRACTOR SUPPLY COMPANY,W3098 COUNTY RD KK,(920)-739-1635,APPLETON,WI,54915,54915,44.24279,-88.35928,41.55944,-95.9025,424.22,2.22,996.77,0,6,5280.0,14.0,15.8,F,8.4,0,1,0,0,OPEN,2026-02-12T22:59:23,,18,7,2026-02-13,2026-02-27,1,1,0,0
6746,12603320,2026-02-20,2026-01-27,2026-02-20,IA,TRACTOR SUPPLY COMPANY,TRACTOR SUPPLY COMPANY,519 U STREET,,ORD,NE,68862,68862,41.60362,-98.93841,41.55944,-95.9025,156.94,3.3,800.0,0,1,4234.0,16.0,30.2,F,16.0,0,1,0,0,OPEN,2026-02-12T22:59:23,,18,7,2026-02-13,2026-02-27,1,1,0,0
5337,12603464,2026-02-20,2026-01-30,2026-02-20,IA,"LOWE'S OF BLAINE, MN","LOWE'S OF BLAINE, MN",11651 ULYSESS STREET,(763) 367-1120,BLAINE,MN,55434,55434,45.1681,-93.25069,41.55944,-95.9025,282.66,3.2,959.52,1,1,1696.81,13.0,6.1,F,3.2,0,1,0,0,OPEN,2026-02-12T22:59:23,,18,7,2026-02-13,2026-02-27,1,1,0,0
6414,12601283,2026-02-21,2026-01-15,2026-02-21,IA,TRACTOR SUPPLY COMPANY,TRACTOR SUPPLY COMPANY,3728 SOUTH JEFFERS ST,308-532-2135,NORTH PLATTE,NE,69101,69101,41.1502,-100.80319,41.55944,-95.9025,255.72,3.3,898.86,0,4,7853.0,18.0,32.3,F,17.1,0,4,0,0,OPEN,2026-02-12T22:59:23,,18,8,2026-02-13,2026-02-27,4,1,0,0
5747,12601284,2026-02-21,2026-01-15,2026-02-21,IA,TRACTOR SUPPLY COMPANY,TRACTOR SUPPLY COMPANY,1445 NORTH ACRES RD,(715)262-4500,PRESCOTT,WI,54021,54021,44.74048,-92.71144,41.55944,-95.9025,272.33,2.22,800.0,0,4,3930.0,12.0,18.1,F,9.6,0,3,0,0,OPEN,2026-02-12T22:59:23,,18,8,2026-02-13,2026-02-27,3,1,0,0
6273,12601285,2026-02-21,2026-01-15,2026-02-21,IA,TRACTOR SUPPLY COMPANY,TRACTOR SUPPLY COMPANY,1810 SOUTH GALENA AVE,815-284-0422,DIXON,IL,61021,61021,41.82908,-89.47764,41.55944,-95.9025,331.94,2.7,951.24,0,4,5900.0,18.0,28.9,F,15.3,0,3,0,0,OPEN,2026-02-12T22:59:23,,18,8,2026-02-13,2026-02-27,3,1,0,0
6447,12601286,2026-02-21,2026-01-15,2026-02-21,IA,TRACTOR SUPPLY COMPANY,TRACTOR SUPPLY COMPANY,3000 OSBORN DR EAST STE 100,(402) 461-3440,HASTINGS,NE,68901,68901,40.59092,-98.36599,41.55944,-95.9025,144.72,3.3,800.0,0,4,6832.0,23.0,32.8,F,17.4,0,4,0,0,OPEN,2026-02-12T22:59:23,,18,8,2026-02-13,2026-02-27,4,1,0,0
6654,12601326,2026-02-21,2026-01-15,2026-02-21,IA,TRACTOR SUPPLY COMPANY,TRACTOR SUPPLY COMPANY,2161 EAST LARAWAY ROAD,(815)463-9444,NEW LENOX,IL,60451,60451,41.50717,-87.96088,41.55944,-95.9025,410.65,2.7,1163.75,0,4,4593.0,14.0,22.5,F,11.9,0,4,0,0,OPEN,2026-02-12T22:59:23,,18,8,2026-02-13,2026-02-27,4,1,0,0
6671,12601332,2026-02-21,2026-01-15,2026-02-21,IA,TRACTOR SUPPLY COMPANY,TRACTOR SUPPLY COMPANY,8761 NORTHRIDGE WAY,(715) 356-0020,MINOCQUA,WI,54548,54548,45.86218,-89.82663,41.55944,-95.9025,424.6,2.22,997.6,0,5,4735.0,12.0,22.6,F,12.0,0,3,0,0,OPEN,2026-02-12T22:59:23,,18,8,2026-02-13,2026-02-27,3,1,0,0
6863,12601338,2026-02-21,2026-01-15,2026-02-21,IA,TRACTOR SUPPLY COMPANY,TRACTOR SUPPLY COMPANY,802 N MAIN ST,920-388-6498,KEWAUNEE,WI,54216,54216,44.43651,-87.58069,41.55944,-95.9025,464.87,2.22,1087.02,0,4,4879.0,16.0,28.2,F,14.9,0,3,0,0,OPEN,2026-02-12T22:59:23,,18,8,2026-02-13,2026-02-27,3,1,0,0
6604,12601344,2026-02-21,2026-01-15,2026-02-21,IA,TRACTOR SUPPLY COMPANY,TRACTOR SUPPLY COMPANY,1810 DORSET LN,715-243-5810,NEW RICHMOND,WI,54017,54017,45.11907,-92.52091,41.55944,-95.9025,298.9,2.22,800.0,0,3,2790.0,7.0,7.9,F,4.2,0,2,0,0,OPEN,2026-02-12T22:59:23,,18,8,2026-02-13,2026-02-27,2,1,0,0
6371,12601359,2026-02-21,2026-01-15,2026-02-21,IA,TRACTOR SUPPLY COMPANY,TRACTOR SUPPLY COMPANY,100 POWERS AVE,,MAUSTON,WI,53948,53948,43.77846,-90.05161,41.55944,-95.9025,334.36,2.22,800.0,0,3,5214.0,16.0,23.6,F,12.5,0,3,0,0,OPEN,2026-02-12T22:59:23,,18,8,2026-02-13,2026-02-27,3,1,0,0
5384,12601362,2026-02-21,2026-01-15,2026-02-21,IA,TRACTOR SUPPLY COMPANY,TRACTOR SUPPLY COMPANY,2179 US HWY 8 STE 1,(715) 483-2640,SAINT CROIX FALLS,WI,54024,54024,45.49873,-92.64781,41.55944,-95.9025,317.23,2.22,800.0,0,1,4234.0,16.0,30.2,F,16.0,0,1,0,0,OPEN,2026-02-12T22:59:23,,18,8,2026-02-13,2026-02-27,1,1,0,0
6770,12601370,2026-02-21,2026-01-15,2026-02-21,IA,TRACTOR SUPPLY COMPANY,TRACTOR SUPPLY COMPANY,2850 NORTH COURT RD,(641)-682-5459,OTTUMWA,IA,52501,52501,41.03828,-92.43252,41.55944,-95.9025,183.68,3.75,800.0,0,5,7995.0,25.0,36.6,F,19.4,0,4,0,0,OPEN,2026-02-12T22:59:23,,18,8,2026-02-13,2026-02-27,4,1,0,0
6175,12601373,2026-02-21,2026-01-15,2026-02-21,IA,TRACTOR SUPPLY COMPANY,TRACTOR SUPPLY COMPANY,1911 MARKET WAY,(920)-261-3953,WATERTOWN,WI,53094,53094,43.1462,-88.73365,41.55944,-95.9025,381.99,2.22,903.02,0,3,3638.0,14.0,17.2,F,9.1,0,3,0,0,OPEN,2026-02-12T22:59:23,,18,8,2026-02-13,2026-02-27,3,1,0,0
5690,12601375,2026-02-21,2026-01-15,2026-02-21,IA,TRACTOR SUPPLY COMPANY,TRACTOR SUPPLY COMPANY,9273 CAFFERTY CT,(651)-451-1897,INVER GROVE HEIGHTS,MN,55076,55076,44.83318,-93.0334,41.55944,-95.9025,268.39,3.2,913.86,0,5,6136.0,21.0,29.1,F,15.4,0,3,0,0,OPEN,2026-02-12T22:59:23,,18,8,2026-02-13,2026-02-27,3,1,0,0
6128,12601387,2026-02-21,2026-01-15,2026-02-21,IA,TRACTOR SUPPLY COMPANY,TRACTOR SUPPLY COMPANY,3520 NORTH CLIFF AVE,(605)-336-3031,SIOUX FALLS,SD,57104,57104,43.6041,-96.70442,41.55944,-95.9025,147.05,3.5,800.0,0,4,7376.0,18.0,32.3,F,17.1,0,3,0,0,OPEN,2026-02-12T22:59:23,,18,8,2026-02-13,2026-02-27,3,1,0,0
5525,12601422,2026-02-21,2026-01-15,2026-02-21,IA,TRACTOR SUPPLY COMPANY,TRACTOR SUPPLY COMPANY,3404 E MAIN ST,715-722-0698,MERRILL,WI,54452,54452,45.20879,-89.76743,41.55944,-95.9025,397.92,2.22,938.39,0,3,4760.0,18.0,22.1,F,11.7,0,2,0,0,OPEN,2026-02-12T22:59:23,,18,8,2026-02-13,2026-02-27,2,1,0,0
6902,12601423,2026-02-21,2026-01-15,2026-02-21,IA,TRACTOR SUPPLY COMPANY,TRACTOR SUPPLY COMPANY,1602 HIGHWAY 71,,INTERNATIONAL FALLS,MN,56649,56649,48.53122,-93.13224,41.55944,-95.9025,500.27,3.2,1655.85,0,3,2640.0,7.0,7.9,F,4.2,0,1,0,0,OPEN,2026-02-12T22:59:23,,18,8,2026-02-13,2026-02-27,1,1,0,0
5868,12601429,2026-02-21,2026-01-15,2026-02-21,IA,TRACTOR SUPPLY COMPANY,TRACTOR SUPPLY COMPANY,1020 W CHESTNUT ST HOOPESTON,,HOOPESTON,IL,60942,60942,40.46678,-87.66134,41.55944,-95.9025,436.08,2.7,1232.43,0,3,5214.0,16.0,23.6,F,12.5,0,3,0,0,OPEN,2026-02-12T22:59:23,,18,8,2026-02-13,2026-02-27,3,1,0,0
6906,12601430,2026-02-21,2026-01-15,2026-02-21,IA,TRACTOR SUPPLY COMPANY,TRACTOR SUPPLY COMPANY,39172 N GREEN BAY RD,,BEACH PARK,IL,60087,60087,42.40444,-87.85631,41.55944,-95.9025,417.23,2.7,1181.51,0,4,4804.0,16.0,28.2,F,14.9,0,2,0,0,OPEN,2026-02-12T22:59:23,,18,8,2026-02-13,2026-02-27,2,1,0,0
6160,12601436,2026-02-21,2026-01-15,2026-02-21,IA,TRACTOR SUPPLY COMPANY,TRACTOR SUPPLY COMPANY,800 INDEPENDENCE AVE,262-457-2007,HARTFORD,WI,53027,53027,43.31697,-88.37356,41.55944,-95.9025,402.51,2.22,948.58,0,4,3595.0,7.0,10.6,F,5.6,0,2,0,0,OPEN,2026-02-12T22:59:23,,18,8,2026-02-13,2026-02-27,2,1,0,0
6125,12601441,2026-02-21,2026-01-15,2026-02-21,IA,TRACTOR SUPPLY COMPANY,TRACTOR SUPPLY COMPANY,500 W 9TH ST N,,LADYSMITH,WI,54848,54848,45.51546,-91.10284,41.55944,-95.9025,363.9,2.22,862.85,0,4,5715.0,18.0,28.9,F,15.3,0,3,0,0,OPEN,2026-02-12T22:59:23,,18,8,2026-02-13,2026-02-27,3,1,0,0
5143,12601442,2026-02-21,2026-01-15,2026-02-21,IA,TRACTOR SUPPLY COMPANY,TRACTOR SUPPLY COMPANY,W3098 COUNTY RD KK,(920)-739-1635,APPLETON,WI,54915,54915,44.24279,-88.35928,41.55944,-95.9025,424.22,2.22,996.77,0,1,4234.0,16.0,30.2,F,16.0,0,1,0,0,OPEN,2026-02-12T22:59:23,,18,8,2026-02-13,2026-02-27,1,1,0,0
6229,12601443,2026-02-21,2026-01-15,2026-02-21,IA,TRACTOR SUPPLY COMPANY,TRACTOR SUPPLY COMPANY,900 SOUTH MAIN ST,309-698-8868,EAST PEORIA,IL,61611,61611,40.71185,-89.53469,41.55944,-95.9025,336.44,2.7,963.39,0,1,4234.0,16.0,30.2,F,16.0,0,1,0,0,OPEN,2026-02-12T22:59:23,,18,8,2026-02-13,2026-02-27,1,1,0,0
6821,12601467,2026-02-21,2026-01-15,2026-02-21,IA,TRACTOR SUPPLY COMPANY,TRACTOR SUPPLY COMPANY,1120 WEST MAIN ST,920-324-9060,WAUPUN,WI,53963,53963,43.63492,-88.73828,41.55944,-95.9025,391.44,2.22,924.01,0,5,5950.0,21.0,29.1,F,15.4,0,4,0,0,OPEN,2026-02-12T22:59:23,,18,8,2026-02-13,2026-02-27,4,1,0,0
6596,12601468,2026-02-21,2026-01-15,2026-02-21,IA,TRACTOR SUPPLY COMPANY,TRACTOR SUPPLY COMPANY,1651 N SHAWANO ST,920-982-6222,NEW LONDON,WI,54961,54961,44.41173,-88.7628,41.55944,-95.9025,410.98,2.22,967.38,0,3,3378.0,14.0,17.2,F,9.1,0,2,0,0,OPEN,2026-02-12T22:59:23,,18,8,2026-02-13,2026-02-27,2,1,0,0
5695,12601477,2026-02-21,2026-01-15,2026-02-21,IA,TRACTOR SUPPLY COMPANY,TRACTOR SUPPLY COMPANY,857 SOUTH ROCHESTER ST STE 500,262-363-8868,MUKWONAGO,WI,53149,53149,42.87436,-88.34077,41.55944,-95.9025,397.34,2.22,937.09,0,4,4190.0,12.0,18.1,F,9.6,0,2,0,0,OPEN,2026-02-12T22:59:23,,18,8,2026-02-13,2026-02-27,2,1,0,0
5262,12601489,2026-02-21,2026-01-15,2026-02-21,IA,TRACTOR SUPPLY COMPANY,TRACTOR SUPPLY COMPANY,405 SOUTHEAST ORALABOR RD,(515) 965-8774,ANKENY,IA,50021,50021,41.7207,-93.56838,41.55944,-95.9025,121.04,3.75,800.0,0,4,4333.0,14.0,22.5,F,11.9,0,3,0,0,OPEN,2026-02-12T22:59:23,,18,8,2026-02-13,2026-02-27,3,1,0,0
5325,12601517,2026-02-21,2026-01-15,2026-02-21,IA,TRACTOR SUPPLY COMPANY,TRACTOR SUPPLY COMPANY,2238 WESTGATE DR,(309)-829-8511,BLOOMINGTON,IL,61705,61705,40.46099,-88.99981,41.55944,-95.9025,367.72,2.7,1047.83,0,3,5095.0,18.0,22.1,F,11.7,0,3,0,0,OPEN,2026-02-12T22:59:23,,18,8,2026-02-13,2026-02-27,3,1,0,0
5681,12601521,2026-02-21,2026-01-15,2026-02-21,IA,TRACTOR SUPPLY COMPANY,TRACTOR SUPPLY COMPANY,150 SOUTH KENNEDY DR STE 8A,(847) 428-0834,CARPENTERSVILLE,IL,60110,60110,42.12296,-88.2883,41.55944,-95.9025,393.76,2.7,1118.14,0,1,4234.0,16.0,30.2,F,16.0,0,1,0,0,OPEN,2026-02-12T22:59:23,,18,8,2026-02-13,2026-02-27,1,1,0,0
5478,12601527,2026-02-21,2026-01-15,2026-02-21,IA,TRACTOR SUPPLY COMPANY,TRACTOR SUPPLY COMPANY,1420 EAST CLOVERLAND DR,(906) 932-6464,IRONWOOD,MI,49938,49938,46.51493,-90.13264,41.55944,-95.9025,446.28,2.2,1036.81,0,1,6887.0,20.0,37.7,F,20.0,0,1,0,0,OPEN,2026-02-12T22:59:23,,18,8,2026-02-13,2026-02-27,1,1,0,0
6877,12601530,2026-02-21,2026-01-15,2026-02-21,IA,TRACTOR SUPPLY COMPANY,TRACTOR SUPPLY COMPANY,39172 N GREEN BAY RD,,BEACH PARK,IL,60087,60087,42.40444,-87.85631,41.55944,-95.9025,417.23,2.7,1181.51,0,1,4234.0,16.0,30.2,F,16.0,0,1,0,0,OPEN,2026-02-12T22:59:23,,18,8,2026-02-13,2026-02-27,1,1,0,0
5788,12601565,2026-02-21,2026-01-15,2026-02-21,IA,TRACTOR SUPPLY COMPANY,TRACTOR SUPPLY COMPANY,857 SOUTH ROCHESTER ST STE 500,262-363-8868,MUKWONAGO,WI,53149,53149,42.87436,-88.34077,41.55944,-95.9025,397.34,2.22,937.09,0,3,2640.0,7.0,7.9,F,4.2,0,1,0,0,OPEN,2026-02-12T22:59:23,,18,8,2026-02-13,2026-02-27,1,1,0,0
5860,12601583,2026-02-21,2026-01-15,2026-02-21,IA,TRACTOR SUPPLY COMPANY,TRACTOR SUPPLY COMPANY,824 BROADWAY ST,(920)361-0351,BERLIN,WI,54923,54923,43.99456,-88.96883,41.55944,-95.9025,389.67,2.22,920.06,0,4,6924.0,18.0,33.4,F,17.7,0,3,0,0,OPEN,2026-02-12T22:59:23,,18,8,2026-02-13,2026-02-27,3,1,0,0
6513,12601600,2026-02-21,2026-01-15,2026-02-21,IA,TRACTOR SUPPLY COMPANY,TRACTOR SUPPLY COMPANY,1833 EGG HARBOR ROAD UNIT A,(920) 743-2444,STURGEON BAY,WI,54235,54235,44.84218,-87.37677,41.55944,-95.9025,485.31,2.22,1132.38,0,4,6930.0,18.0,30.6,F,16.2,0,4,0,0,OPEN,2026-02-12T22:59:23,,18,8,2026-02-13,2026-02-27,4,1,0,0
6649,12601605,2026-02-21,2026-01-15,2026-02-21,IA,TRACTOR SUPPLY COMPANY,TRACTOR SUPPLY COMPANY,1800 US HWY 51 AND 138,(608)873-0323,STOUGHTON,WI,53589,53589,42.92684,-89.21182,41.55944,-95.9025,354.94,2.22,842.96,0,3,4115.0,14.0,17.2,F,9.1,0,3,0,0,OPEN,2026-02-12T22:59:23,,18,8,2026-02-13,2026-02-27,3,1,0,0
6648,12601606,2026-02-21,2026-01-15,2026-02-21,IA,TRACTOR SUPPLY COMPANY,TRACTOR SUPPLY COMPANY,1525 HWY 59 SOUTH,(218)681-7777,THIEF RIVER FALLS,MN,56701,56701,48.12021,-96.1994,41.55944,-95.9025,453.57,3.2,1506.41,0,4,4810.0,14.0,22.5,F,11.9,0,3,0,0,OPEN,2026-02-12T22:59:23,,18,8,2026-02-13,2026-02-27,3,1,0,0
6587,12601610,2026-02-21,2026-01-15,2026-02-21,IA,TRACTOR SUPPLY COMPANY,TRACTOR SUPPLY COMPANY,600-B WEST LIBERTY ST,847-487-9848,WAUCONDA,IL,60084,60084,42.26807,-88.13856,41.55944,-95.9025,402.06,2.7,1140.57,0,4,3520.0,7.0,10.6,F,5.6,0,1,0,0,OPEN,2026-02-12T22:59:23,,18,8,2026-02-13,2026-02-27,1,1,0,0
6575,12601614,2026-02-21,2026-01-15,2026-02-21,IA,TRACTOR SUPPLY COMPANY,TRACTOR SUPPLY COMPANY,195 RICHLAND SQ,608-383-0979,RICHLAND CENTER,WI,53581,53581,43.37504,-90.41637,41.55944,-95.9025,306.4,2.22,800.0,0,4,4715.0,14.0,23.8,F,12.6,0,4,0,0,OPEN,2026-02-12T22:59:23,,18,8,2026-02-13,2026-02-27,4,1,0,0
5978,12601616,2026-02-21,2026-01-15,2026-02-21,IA,TRACTOR SUPPLY COMPANY,TRACTOR SUPPLY COMPANY,1325 MAIN ST,(847)838-8050,ANTIOCH,IL,60002,60002,42.4674,-88.09419,41.55944,-95.9025,405.6,2.7,1150.11,0,4,4735.0,14.0,22.5,F,11.9,0,2,0,0,OPEN,2026-02-12T22:59:23,,18,8,2026-02-13,2026-02-27,2,1,0,0
6785,12601648,2026-02-21,2026-01-15,2026-02-21,IA,TRACTOR SUPPLY COMPANY,TRACTOR SUPPLY COMPANY,1801 MILWAUKEE AVE,(262)-763-2425,BURLINGTON,WI,53105,53105,42.66412,-88.28045,41.55944,-95.9025,397.94,2.22,938.42,0,3,2640.0,7.0,7.9,F,4.2,0,1,0,0,OPEN,2026-02-12T22:59:23,,18,8,2026-02-13,2026-02-27,1,1,0,0
6786,12601656,2026-02-21,2026-01-15,2026-02-21,IA,TRACTOR SUPPLY COMPANY,TRACTOR SUPPLY COMPANY,2908 BROADWAY AVE,(605)-665-9353,YANKTON,SD,57078,57078,42.91782,-97.44702,41.55944,-95.9025,122.68,3.5,800.0,0,3,2640.0,7.0,7.9,F,4.2,0,1,0,0,OPEN,2026-02-12T22:59:23,,18,8,2026-02-13,2026-02-27,1,1,0,0
5094,12601659,2026-02-21,2026-01-15,2026-02-21,IA,TRACTOR SUPPLY COMPANY,TRACTOR SUPPLY COMPANY,4985 4TH ST SW,(641)-424-2565,MASON CITY,IA,50401,50401,43.15389,-93.20006,41.55944,-95.9025,176.56,3.75,800.0,0,4,7115.0,18.0,30.6,F,16.2,0,4,0,0,OPEN,2026-02-12T22:59:23,,18,8,2026-02-13,2026-02-27,4,1,0,0
5142,12601662,2026-02-21,2026-01-15,2026-02-21,IA,TRACTOR SUPPLY COMPANY,TRACTOR SUPPLY COMPANY,W3098 COUNTY RD KK,(920)-739-1635,APPLETON,WI,54915,54915,44.24279,-88.35928,41.55944,-95.9025,424.22,2.22,996.77,0,3,2975.0,12.0,13.6,F,7.2,0,3,0,0,OPEN,2026-02-12T22:59:23,,18,8,2026-02-13,2026-02-27,3,1,0,0
6766,12601666,2026-02-21,2026-01-15,2026-02-21,IA,TRACTOR SUPPLY COMPANY,TRACTOR SUPPLY COMPANY,1801 MILWAUKEE AVE,(262)-763-2425,BURLINGTON,WI,53105,53105,42.66412,-88.28045,41.55944,-95.9025,397.94,2.22,938.42,0,4,5214.0,16.0,28.2,F,14.9,0,3,0,0,OPEN,2026-02-12T22:59:23,,18,8,2026-02-13,2026-02-27,3,1,0,0
6131,12601673,2026-02-21,2026-01-15,2026-02-21,IA,TRACTOR SUPPLY COMPANY,TRACTOR SUPPLY COMPANY,1903 LINCOLN STREET,(715)369-4981,RHINELANDER,WI,54501,54501,45.65973,-89.34303,41.55944,-95.9025,433.29,2.22,1016.91,0,3,2900.0,12.0,13.6,F,7.2,0,2,0,0,OPEN,2026-02-12T22:59:23,,18,8,2026-02-13,2026-02-27,2,1,0,0
6151,12601724,2026-02-21,2026-01-15,2026-02-21,IA,TRACTOR SUPPLY COMPANY,TRACTOR SUPPLY COMPANY,1308 NORTH DIERS AVE,308-384-6411,GRAND ISLAND,NE,68803,68803,40.95357,-98.41593,41.55944,-95.9025,137.1,3.3,800.0,0,5,8930.0,25.0,37.3,F,19.8,0,4,0,0,OPEN,2026-02-12T22:59:23,,18,8,2026-02-13,2026-02-27,4,1,0,0
5419,12601726,2026-02-21,2026-01-15,2026-02-21,IA,TRACTOR SUPPLY COMPANY,TRACTOR SUPPLY COMPANY,6910 69TH LN NORTH,763-477-6009,GREENFIELD,MN,55373,55373,45.08779,-93.72282,41.55944,-95.9025,267.26,3.2,910.24,0,4,4885.0,14.0,22.5,F,11.9,0,3,0,0,OPEN,2026-02-12T22:59:23,,18,8,2026-02-13,2026-02-27,3,1,0,0
5420,12601737,2026-02-21,2026-01-15,2026-02-21,IA,TRACTOR SUPPLY COMPANY,TRACTOR SUPPLY COMPANY,1201 SOUTH DIVISION ST,(815)-943-4104,HARVARD,IL,60033,60033,42.42333,-88.61104,41.55944,-95.9025,379.07,2.7,1078.48,0,4,5975.0,18.0,28.9,F,15.3,0,4,0,0,OPEN,2026-02-12T22:59:23,,18,8,2026-02-13,2026-02-27,4,1,0,0
5972,12601784,2026-02-21,2026-01-15,2026-02-21,IA,TRACTOR SUPPLY COMPANY,TRACTOR SUPPLY COMPANY,1102 WEST 12TH ST,701-352-0077,GRAFTON,ND,58237,58237,48.41522,-97.40086,41.55944,-95.9025,479.32,3.26,1617.57,0,3,5330.0,14.0,18.5,F,9.8,0,2,0,0,OPEN,2026-02-12T22:59:23,,18,8,2026-02-13,2026-02-27,2,1,0,0
6815,12601789,2026-02-21,2026-01-15,2026-02-21,IA,TRACTOR SUPPLY COMPANY,TRACTOR SUPPLY COMPANY,612 NEW YORK AVE,(641) 782-2201,CRESTON,IA,50801,50801,41.07959,-94.39224,41.55944,-95.9025,85.1,3.75,800.0,0,3,4835.0,18.0,22.1,F,11.7,0,3,0,0,OPEN,2026-02-12T22:59:23,,18,8,2026-02-13,2026-02-27,3,1,0,0
6453,12601791,2026-02-21,2026-01-15,2026-02-21,IA,TRACTOR SUPPLY COMPANY,TRACTOR SUPPLY COMPANY,509 WEST CHERRY ST,(605)624-4000,VERMILLION,SD,57069,57069,42.84348,-96.98774,41.55944,-95.9025,104.68,3.5,800.0,0,3,5139.0,16.0,23.6,F,12.5,0,3,0,0,OPEN,2026-02-12T22:59:23,,18,8,2026-02-13,2026-02-27,3,1,0,0
6455,12601796,2026-02-21,2026-01-15,2026-02-21,IA,TRACTOR SUPPLY COMPANY,TRACTOR SUPPLY COMPANY,3650 COUNTY HWY A,(920)803-0120,SHEBOYGAN,WI,53081,53081,43.71343,-87.73725,41.55944,-95.9025,440.71,2.22,1033.37,0,4,4715.0,14.0,23.8,F,12.6,0,4,0,0,OPEN,2026-02-12T22:59:23,,18,8,2026-02-13,2026-02-27,4,1,0,0
6418,12601808,2026-02-21,2026-01-15,2026-02-21,IA,TRACTOR SUPPLY COMPANY,TRACTOR SUPPLY COMPANY,1700 LAKE SHORE DR EAST,(715) 682-2539,ASHLAND,WI,54806,54806,46.54784,-90.85061,41.55944,-95.9025,426.12,2.22,1000.98,0,3,4760.0,18.0,22.1,F,11.7,0,2,0,0,OPEN,2026-02-12T22:59:23,,18,8,2026-02-13,2026-02-27,2,1,0,0
6813,12601837,2026-02-21,2026-01-15,2026-02-21,IA,TRACTOR SUPPLY COMPANY,TRACTOR SUPPLY COMPANY,1313 EAST GREEN BAY ST,(715) 526-2938,SHAWANO,WI,54166,54166,44.77894,-88.63567,41.55944,-95.9025,428.24,2.22,1005.69,0,4,8946.0,32.0,40.6,D,21.5,0,3,0,0,OPEN,2026-02-12T22:59:23,,18,8,2026-02-13,2026-02-27,3,1,0,0
6508,12601851,2026-02-21,2026-01-15,2026-02-21,IA,TRACTOR SUPPLY COMPANY,TRACTOR SUPPLY COMPANY,1860 SOUTH STEPHENSON AVE,906-776-1540,IRON MOUNTAIN,MI,49801,49801,45.9191,-88.01795,41.55944,-95.9025,495.26,2.2,1144.58,0,1,4234.0,16.0,30.2,F,16.0,0,1,0,0,OPEN,2026-02-12T22:59:23,,18,8,2026-02-13,2026-02-27,1,1,0,0
6144,12601857,2026-02-21,2026-01-15,2026-02-21,IA,TRACTOR SUPPLY COMPANY,TRACTOR SUPPLY COMPANY,1903 LINCOLN STREET,(715)369-4981,RHINELANDER,WI,54501,54501,45.65973,-89.34303,41.55944,-95.9025,433.29,2.22,1016.91,0,1,4234.0,16.0,30.2,F,16.0,0,1,0,0,OPEN,2026-02-12T22:59:23,,18,8,2026-02-13,2026-02-27,1,1,0,0
6008,12601860,2026-02-21,2026-01-15,2026-02-21,IA,TRACTOR SUPPLY COMPANY,TRACTOR SUPPLY COMPANY,504 RIVERSTONE PARKWAY,(815)933-3393,KANKAKEE,IL,60901,60901,41.11029,-87.90049,41.55944,-95.9025,416.17,2.7,1178.67,0,3,3930.0,14.0,17.2,F,9.1,0,3,0,0,OPEN,2026-02-12T22:59:23,,18,8,2026-02-13,2026-02-27,3,1,0,0
6365,12601861,2026-02-21,2026-01-15,2026-02-21,IA,TRACTOR SUPPLY COMPANY,TRACTOR SUPPLY COMPANY,650 W BEAVERBROOK AVE,715-635-2322,SPOONER,WI,54801,54801,45.86711,-91.92266,41.55944,-95.9025,357.81,2.22,849.34,0,4,4053.0,14.0,23.8,F,12.6,0,4,0,0,OPEN,2026-02-12T22:59:23,,18,8,2026-02-13,2026-02-27,4,1,0,0
5523,12601867,2026-02-21,2026-01-15,2026-02-21,IA,TRACTOR SUPPLY COMPANY,TRACTOR SUPPLY COMPANY,126 CHARLES ST,(920) 834-3006,OCONTO,WI,54153,54153,44.89939,-87.92516,41.55944,-95.9025,462.9,2.22,1082.63,0,3,3378.0,14.0,17.2,F,9.1,0,2,0,0,OPEN,2026-02-12T22:59:23,,18,8,2026-02-13,2026-02-27,2,1,0,0
6368,12601869,2026-02-21,2026-01-15,2026-02-21,IA,TRACTOR SUPPLY COMPANY,TRACTOR SUPPLY COMPANY,3000 W MAIN ST,(630)444-1560,ST CHARLES,IL,60174,60174,41.92759,-88.29906,41.55944,-95.9025,392.7,2.7,1115.28,0,4,5975.0,18.0,28.9,F,15.3,0,4,0,0,OPEN,2026-02-12T22:59:23,,18,8,2026-02-13,2026-02-27,4,1,0,0
6907,12601879,2026-02-21,2026-01-15,2026-02-21,IA,TRACTOR SUPPLY COMPANY,TRACTOR SUPPLY COMPANY,409 CENTRAL AVENUE,,AUBURN,NE,68305,68305,40.36392,-95.85788,41.55944,-95.9025,82.64,3.3,800.0,0,3,3855.0,14.0,17.2,F,9.1,0,2,0,0,OPEN,2026-02-12T22:59:23,,18,8,2026-02-13,2026-02-27,2,1,0,0
6822,12601883,2026-02-21,2026-01-15,2026-02-21,IA,TRACTOR SUPPLY COMPANY,TRACTOR SUPPLY COMPANY,1200 EAST 7TH STREET,,ATLANTIC,IA,50022,50022,41.41737,-95.00352,41.55944,-95.9025,47.56,3.75,800.0,0,3,4115.0,14.0,17.2,F,9.1,0,3,0,0,OPEN,2026-02-12T22:59:23,,18,8,2026-02-13,2026-02-27,3,1,0,0
6643,12601888,2026-02-21,2026-01-15,2026-02-21,IA,TRACTOR SUPPLY COMPANY,TRACTOR SUPPLY COMPANY,62119 HIGHWAY 136,,TECUMSEH,NE,68450,68450,40.36197,-96.22383,41.55944,-95.9025,84.42,3.3,800.0,0,3,3855.0,14.0,17.2,F,9.1,0,2,0,0,OPEN,2026-02-12T22:59:23,,18,8,2026-02-13,2026-02-27,2,1,0,0
5989,12601890,2026-02-21,2026-01-15,2026-02-21,IA,TRACTOR SUPPLY COMPANY,TRACTOR SUPPLY COMPANY,3404 E MAIN ST,715-722-0698,MERRILL,WI,54452,54452,45.20879,-89.76743,41.55944,-95.9025,397.92,2.22,938.39,0,1,4234.0,16.0,30.2,F,16.0,0,1,0,0,OPEN,2026-02-12T22:59:23,,18,8,2026-02-13,2026-02-27,1,1,0,0
5660,12601895,2026-02-21,2026-01-15,2026-02-21,IA,TRACTOR SUPPLY COMPANY,TRACTOR SUPPLY COMPANY,3539 VETERANS DR,309-353-3276,PEKIN,IL,61554,61554,40.54441,-89.62181,41.55944,-95.9025,334.62,2.7,958.47,0,1,4234.0,16.0,30.2,F,16.0,0,1,0,0,OPEN,2026-02-12T22:59:23,,18,8,2026-02-13,2026-02-27,1,1,0,0
5598,12601898,2026-02-21,2026-01-15,2026-02-21,IA,TRACTOR SUPPLY COMPANY,TRACTOR SUPPLY COMPANY,3623 NORTH VERMILION ST,(217)-431-5756,DANVILLE,IL,61832,61832,40.13186,-87.63256,41.55944,-95.9025,443.19,2.7,1251.62,0,8,12254.0,37.0,59.2,C,31.4,0,6,0,0,OPEN,2026-02-12T22:59:23,,18,8,2026-02-13,2026-02-27,6,1,0,0
6176,12601906,2026-02-21,2026-01-15,2026-02-21,IA,TRACTOR SUPPLY COMPANY,TRACTOR SUPPLY COMPANY,900 SOUTH MAIN ST,309-698-8868,EAST PEORIA,IL,61611,61611,40.71185,-89.53469,41.55944,-95.9025,336.44,2.7,963.39,0,5,7995.0,25.0,36.6,F,19.4,0,4,0,0,OPEN,2026-02-12T22:59:23,,18,8,2026-02-13,2026-02-27,4,1,0,0
6767,12601911,2026-02-21,2026-01-15,2026-02-21,IA,TRACTOR SUPPLY COMPANY,TRACTOR SUPPLY COMPANY,2908 BROADWAY AVE,(605)-665-9353,YANKTON,SD,57078,57078,42.91782,-97.44702,41.55944,-95.9025,122.68,3.5,800.0,0,4,7259.0,18.0,33.4,F,17.7,0,4,0,0,OPEN,2026-02-12T22:59:23,,18,8,2026-02-13,2026-02-27,4,1,0,0
5199,12601928,2026-02-21,2026-01-15,2026-02-21,IA,TRACTOR SUPPLY COMPANY,TRACTOR SUPPLY COMPANY,11150 179TH AVE NORTHWEST,763-441-6400,ELK RIVER,MN,55330,55330,45.33359,-93.5679,41.55944,-95.9025,285.84,3.2,969.7,0,4,5802.0,16.0,29.7,F,15.7,0,4,0,0,OPEN,2026-02-12T22:59:23,,18,8,2026-02-13,2026-02-27,4,1,0,0
6725,12602621,2026-02-21,2026-01-22,2026-02-10,IA,WADERICH AUTO SALES,WADERICH AUTO SALES,420 S. MAIN,(712)-263-3687,DENISON,IA,51442,51442,42.02696,-95.35915,41.55944,-95.9025,42.74,3.75,800.0,0,1,7519.0,20.0,37.7,F,20.0,0,1,0,0,OPEN,2026-02-12T22:59:23,,18,8,2026-02-13,2026-02-27,1,1,0,0
5754,12603422,2026-02-22,2026-01-29,2026-02-22,IA,TRACTOR SUPPLY COMPANY,TRACTOR SUPPLY COMPANY,824 BROADWAY ST,(920)361-0351,BERLIN,WI,54923,54923,43.99456,-88.96883,41.55944,-95.9025,389.67,2.22,920.06,0,3,4418.0,14.0,17.2,F,9.1,0,2,0,0,OPEN,2026-02-12T22:59:23,,18,9,2026-02-13,2026-02-27,2,1,0,0
4662,12603665,2026-02-23,2026-02-02,2026-02-23,IA,"LOWE'S OF GRAND FORKS, ND","LOWE'S OF GRAND FORKS, ND",4001 32ND AVENUE SOUTH,(701) 765-9000,GRAND FORKS,ND,58201,58201,47.86938,-97.14013,41.55944,-95.9025,440.2,3.26,1490.05,1,1,1696.81,13.0,6.1,F,3.2,0,1,0,0,OPEN,2026-02-12T22:59:23,,18,10,2026-02-13,2026-02-27,1,1,0,0
4616,12603863,2026-02-24,2026-02-03,2026-02-24,IA,OMAHA TRAILERS,OMAHA TRAILERS,233 S. 2ND STREET,(402)547-0446,MISSOURI VALLEY,IA,51555,51555,41.55937,-95.91398,41.55944,-95.9025,0.59,3.75,800.0,0,1,5253.0,16.0,30.2,F,16.0,0,1,0,0,OPEN,2026-02-12T22:59:23,,18,11,2026-02-13,2026-02-27,1,1,0,0
3942,12602257,2026-02-25,2026-01-22,2026-02-08,IA,AMI- FARMERS IMPLEMENT STORE,AMI- FARMERS IMPLEMENT STORE,"OF MINERAL POINT, INC",719 RIDGE ROAD,MINERAL POINT,WI,53565,53565,42.84025,-90.16982,41.55944,-95.9025,306.43,2.22,800.0,0,3,15217.75,56.0,105.7,A,56.0,1,3,0,0,OPEN,2026-02-12T22:59:23,,18,12,2026-02-13,2026-02-27,3,1,0,0
5995,12602694,2026-02-25,2026-01-22,2026-02-25,IA,TRACTOR SUPPLY COMPANY,TRACTOR SUPPLY COMPANY,S68W15440 JANESVILLE RD,(262) 204-5954,MUSKEGO,WI,53150,53150,42.8845,-88.12824,41.55944,-95.9025,408.04,2.22,960.86,0,6,6645.0,21.0,31.7,F,16.8,0,3,0,0,OPEN,2026-02-12T22:59:23,,18,12,2026-02-13,2026-02-27,3,1,0,0
4969,12604171,2026-02-25,2026-02-04,2026-02-25,IA,QUINCY FARM SUPPLY CO,QUINCY FARM SUPPLY CO,725 STATE HWY 16,(618)-498-5514,JERSEYVILLE,IL,62052,62052,39.11179,-90.32004,41.55944,-95.9025,339.1,2.7,970.57,0,1,3115.75,22.0,10.4,F,5.5,0,1,0,0,OPEN,2026-02-12T22:59:23,,18,12,2026-02-13,2026-02-27,1,1,0,0
3868,12604178,2026-02-25,2026-02-04,2026-02-25,IA,ACE HARDWARE CORPORATION,ACE HARDWARE CORPORATION,17108 US-59,,THIEF RIVER FALLS,MN,56701,56701,48.12021,-96.1994,41.55944,-95.9025,453.57,3.2,1506.41,0,1,1675.0,12.0,4.5,F,2.4,0,1,0,0,OPEN,2026-02-12T22:59:23,,18,12,2026-02-13,2026-02-27,1,1,0,0
3867,12604179,2026-02-25,2026-02-04,2026-02-25,IA,ACE HARDWARE CORPORATION,ACE HARDWARE CORPORATION,530 HURON ST,,SOUTH HAVEN,MI,49090,49090,42.40853,-86.2168,41.55944,-95.9025,500.65,2.2,1156.43,0,1,1675.0,12.0,4.5,F,2.4,0,1,0,0,OPEN,2026-02-12T22:59:23,,18,12,2026-02-13,2026-02-27,1,1,0,0
3895,12604180,2026-02-25,2026-02-04,2026-02-25,IA,ACE HARDWARE CORPORATION,ACE HARDWARE CORPORATION,3449 STATE HWY 42,,FISH CREEK,WI,54212,54212,45.12169,-87.23024,41.55944,-95.9025,500.12,2.22,1165.28,0,1,1675.0,12.0,4.5,F,2.4,0,1,0,0,OPEN,2026-02-12T22:59:23,,18,12,2026-02-13,2026-02-27,1,1,0,0
4009,12604181,2026-02-25,2026-02-04,2026-02-25,IA,ACE HARDWARE CORPORATION,ACE HARDWARE CORPORATION,926 E MAIN ST,,WINNECONNE,WI,54986,54986,44.11981,-88.75127,41.55944,-95.9025,403.02,2.22,949.7,0,1,1675.0,12.0,4.5,F,2.4,0,1,0,0,OPEN,2026-02-12T22:59:23,,18,12,2026-02-13,2026-02-27,1,1,0,0
3992,12604182,2026-02-25,2026-02-04,2026-02-25,IA,ACE HARDWARE CORPORATION,ACE HARDWARE CORPORATION,1005 CROSSINGS DR,,DELANO,MN,55328,55328,45.03246,-93.80981,41.55944,-95.9025,262.02,3.2,893.45,0,1,1675.0,12.0,4.5,F,2.4,0,1,0,0,OPEN,2026-02-12T22:59:23,,18,12,2026-02-13,2026-02-27,1,1,0,0
4005,12604183,2026-02-25,2026-02-04,2026-02-25,IA,ACE HARDWARE CORPORATION,ACE HARDWARE CORPORATION,104 NORTH ST,,LATHROP,MO,64465,64465,39.54853,-94.29525,41.55944,-95.9025,162.56,2.75,800.0,0,1,1675.0,12.0,4.5,F,2.4,0,1,0,0,OPEN,2026-02-12T22:59:23,,18,12,2026-02-13,2026-02-27,1,1,0,0
3894,12604186,2026-02-25,2026-02-04,2026-02-25,IA,ACE HARDWARE CORPORATION,ACE HARDWARE CORPORATION,207 7TH AVE NW,,BARNESVILLE,MN,56514,56514,46.64892,-96.43486,41.55944,-95.9025,352.66,3.2,1183.51,0,1,1675.0,12.0,4.5,F,2.4,0,1,0,0,OPEN,2026-02-12T22:59:23,,18,12,2026-02-13,2026-02-27,1,1,0,0
3991,12604187,2026-02-25,2026-02-04,2026-02-25,IA,ACE HARDWARE CORPORATION,ACE HARDWARE CORPORATION,56216 M 51 S,,DOWAGIAC,MI,49047,49047,42.00437,-86.12138,41.55944,-95.9025,504.63,2.2,1165.2,0,1,1675.0,12.0,4.5,F,2.4,0,1,0,0,OPEN,2026-02-12T22:59:23,,18,12,2026-02-13,2026-02-27,1,1,0,0
4279,12604190,2026-02-25,2026-02-04,2026-02-25,IA,ACE HARDWARE CORPORATION,ACE HARDWARE CORPORATION,1865 W WAYZATA BLVD,,LONG LAKE,MN,55356,55356,44.99565,-93.58628,41.55944,-95.9025,264.45,3.2,901.25,0,1,1550.0,14.0,6.6,F,3.5,0,1,0,0,OPEN,2026-02-12T22:59:23,,18,12,2026-02-13,2026-02-27,1,1,0,0
3757,12604191,2026-02-25,2026-02-04,2026-02-25,IA,ACE HARDWARE CORPORATION,ACE HARDWARE CORPORATION,5800 MERLE HAY RD,,JOHNSTON,IA,50131,50131,41.69749,-93.72021,41.55944,-95.9025,113.11,3.75,800.0,0,1,1550.0,14.0,6.6,F,3.5,0,1,0,0,OPEN,2026-02-12T22:59:23,,18,12,2026-02-13,2026-02-27,1,1,0,0
4173,12604192,2026-02-25,2026-02-04,2026-02-25,IA,ACE HARDWARE CORPORATION,ACE HARDWARE CORPORATION,3020 SW ORALABOR ROAD,,ANKENY,IA,50023,50023,41.72768,-93.63412,41.55944,-95.9025,117.7,3.75,800.0,0,1,1550.0,14.0,6.6,F,3.5,0,1,0,0,OPEN,2026-02-12T22:59:23,,18,12,2026-02-13,2026-02-27,1,1,0,0
4176,12604193,2026-02-25,2026-02-04,2026-02-25,IA,ACE HARDWARE CORPORATION,ACE HARDWARE CORPORATION,1512 9TH ST E,,MENOMONIE,WI,54751,54751,44.84971,-91.92994,41.55944,-95.9025,302.78,2.22,800.0,0,1,1550.0,14.0,6.6,F,3.5,0,1,0,0,OPEN,2026-02-12T22:59:23,,18,12,2026-02-13,2026-02-27,1,1,0,0
3936,12604198,2026-02-25,2026-02-04,2026-02-25,IA,ACE HARDWARE CORPORATION,ACE HARDWARE CORPORATION,812 COTTAGE AVE,,VERMILLION,SD,57069,57069,42.84348,-96.98774,41.55944,-95.9025,104.68,3.5,800.0,0,4,6200.0,14.0,26.4,F,14.0,0,1,0,0,OPEN,2026-02-12T22:59:23,,18,12,2026-02-13,2026-02-27,1,1,0,0
3825,12604199,2026-02-25,2026-02-04,2026-02-25,IA,ACE HARDWARE CORPORATION,ACE HARDWARE CORPORATION,20 W HIGHWAY 12,,WEBSTER,SD,57274,57274,45.30943,-97.55533,41.55944,-95.9025,272.05,3.5,1007.16,0,1,1550.0,14.0,6.6,F,3.5,0,1,0,0,OPEN,2026-02-12T22:59:23,,18,12,2026-02-13,2026-02-27,1,1,0,0
3704,12604202,2026-02-25,2026-02-04,2026-02-25,IA,ACE HARDWARE CORPORATION,ACE HARDWARE CORPORATION,1420 COMMERCE STREET,,MITCHELL,SD,57301,57301,43.71136,-98.04155,41.55944,-95.9025,184.19,3.5,800.0,0,1,1550.0,14.0,6.6,F,3.5,0,1,0,0,OPEN,2026-02-12T22:59:23,,18,12,2026-02-13,2026-02-27,1,1,0,0
4307,12604203,2026-02-25,2026-02-04,2026-02-25,IA,ACE HARDWARE CORPORATION,ACE HARDWARE CORPORATION,580 US HIGHWAY 18 E,,CLEAR LAKE,IA,50428,50428,43.13573,-93.38815,41.55944,-95.9025,168.36,3.75,800.0,0,1,1550.0,14.0,6.6,F,3.5,0,1,0,0,OPEN,2026-02-12T22:59:23,,18,12,2026-02-13,2026-02-27,1,1,0,0
4008,12604205,2026-02-25,2026-02-04,2026-02-25,IA,ACE HARDWARE CORPORATION,ACE HARDWARE CORPORATION,205 S CENTURY AVE,,WAUNAKEE,WI,53597,53597,43.18258,-89.45726,41.55944,-95.9025,347.5,2.22,826.46,0,1,1675.0,12.0,4.5,F,2.4,0,1,0,0,OPEN,2026-02-12T22:59:23,,18,12,2026-02-13,2026-02-27,1,1,0,0
4004,12604209,2026-02-25,2026-02-04,2026-02-25,IA,ACE HARDWARE CORPORATION,ACE HARDWARE CORPORATION,5506 ELEVATOR RD,,ROSCOE,IL,61073,61073,42.42434,-88.99346,41.55944,-95.9025,359.71,2.7,1026.22,0,1,1675.0,12.0,4.5,F,2.4,0,1,0,0,OPEN,2026-02-12T22:59:23,,18,12,2026-02-13,2026-02-27,1,1,0,0
3990,12604210,2026-02-25,2026-02-04,2026-02-25,IA,ACE HARDWARE CORPORATION,ACE HARDWARE CORPORATION,670 WATER ST S,,NORTHFIELD,MN,55057,55057,44.47281,-93.17939,41.55944,-95.9025,243.79,3.2,835.14,0,1,1675.0,12.0,4.5,F,2.4,0,1,0,0,OPEN,2026-02-12T22:59:23,,18,12,2026-02-13,2026-02-27,1,1,0,0
3989,12604211,2026-02-25,2026-02-04,2026-02-25,IA,ACE HARDWARE CORPORATION,ACE HARDWARE CORPORATION,2626 11TH AVE,,GREENLY,CO,80631,80631,40.44216,-104.67809,41.55944,-95.9025,463.88,3.48,1669.31,0,1,1675.0,12.0,4.5,F,2.4,0,1,0,0,OPEN,2026-02-12T22:59:23,,18,12,2026-02-13,2026-02-27,1,1,0,0
4007,12604212,2026-02-25,2026-02-04,2026-02-25,IA,ACE HARDWARE CORPORATION,ACE HARDWARE CORPORATION,4627 OSAGE BEACH PKWY,,OSAGE BEACH,MO,65065,65065,38.13462,-92.66593,41.55944,-95.9025,292.32,2.75,858.89,0,1,1675.0,12.0,4.5,F,2.4,0,1,0,0,OPEN,2026-02-12T22:59:23,,18,12,2026-02-13,2026-02-27,1,1,0,0
3827,12604213,2026-02-25,2026-02-04,2026-02-25,IA,ACE HARDWARE CORPORATION,ACE HARDWARE CORPORATION,1120 E RICHARDS ST,,DOUGLAS,WY,82633,82633,42.99525,-105.39874,41.55944,-95.9025,495.24,3.05,1565.48,0,1,1550.0,14.0,6.6,F,3.5,0,1,0,0,OPEN,2026-02-12T22:59:23,,18,12,2026-02-13,2026-02-27,1,1,0,0
3874,12604214,2026-02-25,2026-02-04,2026-02-25,IA,ACE HARDWARE CORPORATION,ACE HARDWARE CORPORATION,812 COTTAGE AVE,,VERMILLION,SD,57069,57069,42.84348,-96.98774,41.55944,-95.9025,104.68,3.5,800.0,0,2,3350.0,12.0,9.1,F,4.8,0,1,0,0,OPEN,2026-02-12T22:59:23,,18,12,2026-02-13,2026-02-27,1,1,0,0
4081,12604215,2026-02-25,2026-02-04,2026-02-25,IA,ACE HARDWARE CORPORATION,ACE HARDWARE CORPORATION,410 10TH ST SE,,JAMESTOWN,ND,58401,58401,46.88145,-98.76883,41.55944,-95.9025,394.11,3.26,1339.79,0,1,1675.0,12.0,4.5,F,2.4,0,1,0,0,OPEN,2026-02-12T22:59:23,,18,12,2026-02-13,2026-02-27,1,1,0,0
3988,12604216,2026-02-25,2026-02-04,2026-02-25,IA,ACE HARDWARE CORPORATION,ACE HARDWARE CORPORATION,2617 1ST AVE E,,NEWTON,IA,50208,50208,41.71129,-93.03924,41.55944,-95.9025,148.23,3.75,800.0,0,1,1675.0,12.0,4.5,F,2.4,0,1,0,0,OPEN,2026-02-12T22:59:23,,18,12,2026-02-13,2026-02-27,1,1,0,0
4080,12604218,2026-02-25,2026-02-04,2026-02-25,IA,ACE HARDWARE CORPORATION,ACE HARDWARE CORPORATION,150 SOUTHGATE DR,,AITKIN,MN,56431,56431,46.4828,-93.64356,41.55944,-95.9025,358.19,3.2,1201.2,0,1,1675.0,12.0,4.5,F,2.4,0,1,0,0,OPEN,2026-02-12T22:59:23,,18,12,2026-02-13,2026-02-27,1,1,0,0
4113,12604221,2026-02-25,2026-02-04,2026-02-25,IA,ACE HARDWARE CORPORATION,ACE HARDWARE CORPORATION,900 21ST ST SW,,HURON,SD,57350,57350,44.3948,-98.20037,41.55944,-95.9025,227.74,3.5,852.1,0,1,1550.0,14.0,6.6,F,3.5,0,1,0,0,OPEN,2026-02-12T22:59:23,,18,12,2026-02-13,2026-02-27,1,1,0,0
4489,12604224,2026-02-25,2026-02-04,2026-02-25,IA,ACE HARDWARE CORPORATION,ACE HARDWARE CORPORATION,1317 N JOHN WAYNE DRIVE,,WINTERSET,IA,50273,50273,41.32838,-94.05606,41.55944,-95.9025,96.96,3.75,800.0,0,1,1550.0,14.0,6.6,F,3.5,0,1,0,0,OPEN,2026-02-12T22:59:23,,18,12,2026-02-13,2026-02-27,1,1,0,0
4280,12604227,2026-02-25,2026-02-04,2026-02-25,IA,ACE HARDWARE CORPORATION,ACE HARDWARE CORPORATION,1865 W WAYZATA BLVD,,LONG LAKE,MN,55356,55356,44.99565,-93.58628,41.55944,-95.9025,264.45,3.2,901.25,0,1,1550.0,14.0,6.6,F,3.5,0,1,0,0,OPEN,2026-02-12T22:59:23,,18,12,2026-02-13,2026-02-27,1,1,0,0
4175,12604228,2026-02-25,2026-02-04,2026-02-25,IA,ACE HARDWARE CORPORATION,ACE HARDWARE CORPORATION,1512 9TH ST E,,MENOMONIE,WI,54751,54751,44.84971,-91.92994,41.55944,-95.9025,302.78,2.22,800.0,0,1,1550.0,14.0,6.6,F,3.5,0,1,0,0,OPEN,2026-02-12T22:59:23,,18,12,2026-02-13,2026-02-27,1,1,0,0
4174,12604229,2026-02-25,2026-02-04,2026-02-25,IA,ACE HARDWARE CORPORATION,ACE HARDWARE CORPORATION,3020 SW ORALABOR ROAD,,ANKENY,IA,50023,50023,41.72768,-93.63412,41.55944,-95.9025,117.7,3.75,800.0,0,1,1550.0,14.0,6.6,F,3.5,0,1,0,0,OPEN,2026-02-12T22:59:23,,18,12,2026-02-13,2026-02-27,1,1,0,0
3756,12604230,2026-02-25,2026-02-04,2026-02-25,IA,ACE HARDWARE CORPORATION,ACE HARDWARE CORPORATION,5800 MERLE HAY RD,,JOHNSTON,IA,50131,50131,41.69749,-93.72021,41.55944,-95.9025,113.11,3.75,800.0,0,1,1550.0,14.0,6.6,F,3.5,0,1,0,0,OPEN,2026-02-12T22:59:23,,18,12,2026-02-13,2026-02-27,1,1,0,0
3816,12604236,2026-02-25,2026-02-05,2026-02-25,IA,ACE HARDWARE CORPORATION,ACE HARDWARE CORPORATION,508 ALMA ST,,POUND,WI,54161,54161,45.12449,-88.15696,41.55944,-95.9025,460.32,2.22,1076.91,0,1,1550.0,14.0,6.6,F,3.5,0,1,0,0,OPEN,2026-02-12T22:59:23,,18,12,2026-02-13,2026-02-27,1,1,0,0
3820,12604238,2026-02-25,2026-02-05,2026-02-25,IA,ACE HARDWARE CORPORATION,ACE HARDWARE CORPORATION,16820 DULUTH AVE SE,,PRIOR LAKE,MN,55372,55372,44.67791,-93.41237,41.55944,-95.9025,249.38,3.2,853.01,0,1,1550.0,14.0,6.6,F,3.5,0,1,0,0,OPEN,2026-02-12T22:59:23,,18,12,2026-02-13,2026-02-27,1,1,0,0
3751,12604240,2026-02-25,2026-02-05,2026-02-25,IA,ACE HARDWARE CORPORATION,ACE HARDWARE CORPORATION,700 E 92 HIGHWAY,,KEARNEY,MO,64060,64060,39.37134,-94.36821,41.55944,-95.9025,171.35,2.75,800.0,0,1,1550.0,14.0,6.6,F,3.5,0,1,0,0,OPEN,2026-02-12T22:59:23,,18,12,2026-02-13,2026-02-27,1,1,0,0
3933,12604245,2026-02-25,2026-02-05,2026-02-25,IA,ACE HARDWARE CORPORATION,ACE HARDWARE CORPORATION,3202-13TH AVE S,,FARGO,ND,58103,58103,46.85639,-96.82234,41.55944,-95.9025,368.82,3.26,1257.36,0,1,1550.0,14.0,6.6,F,3.5,0,1,0,0,OPEN,2026-02-12T22:59:23,,18,12,2026-02-13,2026-02-27,1,1,0,0
4430,12604253,2026-02-25,2026-02-05,2026-02-25,IA,ACE HARDWARE CORPORATION,ACE HARDWARE CORPORATION,200 S BOLTWOOD ST,,HASTINGS,MI,49058,49058,42.63331,-85.29316,41.55944,-95.9025,548.62,2.2,1261.97,0,1,1550.0,14.0,6.6,F,3.5,0,1,0,0,OPEN,2026-02-12T22:59:23,,18,12,2026-02-13,2026-02-27,1,1,0,0
3760,12604257,2026-02-25,2026-02-05,2026-02-25,IA,ACE HARDWARE CORPORATION,ACE HARDWARE CORPORATION,635 N PERSHING ST,,ENERGY,IL,62933,62933,37.77363,-89.02003,41.55944,-95.9025,449.69,2.7,1269.17,0,1,1550.0,14.0,6.6,F,3.5,0,1,0,0,OPEN,2026-02-12T22:59:23,,18,12,2026-02-13,2026-02-27,1,1,0,0
4112,12604262,2026-02-25,2026-02-05,2026-02-25,IA,ACE HARDWARE CORPORATION,ACE HARDWARE CORPORATION,3488 KELLY ST,,HUDSONVILLE,MI,49426,49426,42.86636,-85.89038,41.55944,-95.9025,519.96,2.2,1198.92,0,1,1550.0,14.0,6.6,F,3.5,0,1,0,0,OPEN,2026-02-12T22:59:23,,18,12,2026-02-13,2026-02-27,1,1,0,0
4277,12604263,2026-02-25,2026-02-05,2026-02-25,IA,ACE HARDWARE CORPORATION,ACE HARDWARE CORPORATION,1114 3RD ST NW,,ROSEAU,MN,56751,56751,48.80929,-95.76035,41.55944,-95.9025,500.99,3.2,1658.18,0,1,1550.0,14.0,6.6,F,3.5,0,1,0,0,OPEN,2026-02-12T22:59:23,,18,12,2026-02-13,2026-02-27,1,1,0,0
4278,12604266,2026-02-25,2026-02-05,2026-02-25,IA,ACE HARDWARE CORPORATION,ACE HARDWARE CORPORATION,170 E 2ND S,,CHEYENNE WELLS,CO,80810,80810,38.82589,-102.4454,41.55944,-95.9025,393.47,3.48,1424.27,0,1,1550.0,14.0,6.6,F,3.5,0,1,0,0,OPEN,2026-02-12T22:59:23,,18,12,2026-02-13,2026-02-27,1,1,0,0
3761,12604268,2026-02-25,2026-02-05,2026-02-25,IA,ACE HARDWARE CORPORATION,ACE HARDWARE CORPORATION,400 W AVE A,,OSHKOSH,NE,69154,69154,41.4642,-102.35349,41.55944,-95.9025,333.77,3.3,1156.45,0,1,1550.0,14.0,6.6,F,3.5,0,1,0,0,OPEN,2026-02-12T22:59:23,,18,12,2026-02-13,2026-02-27,1,1,0,0
3702,12604269,2026-02-25,2026-02-05,2026-02-25,IA,ACE HARDWARE CORPORATION,ACE HARDWARE CORPORATION,"15700 N 169 HWY, UNIT D",,SMITHVILLE,MO,64089,64089,39.39007,-94.56483,41.55944,-95.9025,165.56,2.75,800.0,0,1,1550.0,14.0,6.6,F,3.5,0,1,0,0,OPEN,2026-02-12T22:59:23,,18,12,2026-02-13,2026-02-27,1,1,0,0
4177,12604274,2026-02-25,2026-02-05,2026-02-25,IA,ACE HARDWARE CORPORATION,ACE HARDWARE CORPORATION,55 S DUBUQUE ST,,NORTH LIBERTY,IA,52317,52317,41.76277,-91.63142,41.55944,-95.9025,220.91,3.75,883.4,0,1,1550.0,14.0,6.6,F,3.5,0,1,0,0,OPEN,2026-02-12T22:59:23,,18,12,2026-02-13,2026-02-27,1,1,0,0
3893,12604276,2026-02-25,2026-02-05,2026-02-25,IA,ACE HARDWARE CORPORATION,ACE HARDWARE CORPORATION,25990 CROCKER BLVD,,HARRISON TOWNSHIP,MI,48045,48045,42.59121,-82.83017,41.55944,-95.9025,673.56,2.2,1536.83,0,1,1675.0,12.0,4.5,F,2.4,0,1,0,0,OPEN,2026-02-12T22:59:23,,18,12,2026-02-13,2026-02-27,1,1,0,0
3954,12604278,2026-02-25,2026-02-05,2026-02-25,IA,ACE HARDWARE CORPORATION,ACE HARDWARE CORPORATION,24708 75TH ST,,SALEM,WI,53168,53168,42.57858,-88.12999,41.55944,-95.9025,404.7,2.22,953.43,0,1,1675.0,12.0,4.5,F,2.4,0,1,0,0,OPEN,2026-02-12T22:59:23,,18,12,2026-02-13,2026-02-27,1,1,0,0
4079,12604279,2026-02-25,2026-02-05,2026-02-25,IA,ACE HARDWARE CORPORATION,ACE HARDWARE CORPORATION,417 MILWAUKEE AVE,,BURLINGTON,WI,53105,53105,42.66412,-88.28045,41.55944,-95.9025,397.94,2.22,938.42,0,1,1675.0,12.0,4.5,F,2.4,0,1,0,0,OPEN,2026-02-12T22:59:23,,18,12,2026-02-13,2026-02-27,1,1,0,0
3987,12604281,2026-02-25,2026-02-05,2026-02-25,IA,ACE HARDWARE CORPORATION,ACE HARDWARE CORPORATION,701 SPRUCE STREET,,ALEXANDRIA,SD,57311,57311,43.65112,-97.76483,41.55944,-95.9025,172.79,3.5,800.0,0,1,1675.0,12.0,4.5,F,2.4,0,1,0,0,OPEN,2026-02-12T22:59:23,,18,12,2026-02-13,2026-02-27,1,1,0,0
3879,12604285,2026-02-25,2026-02-05,2026-02-25,IA,ACE HARDWARE CORPORATION,ACE HARDWARE CORPORATION,1662 MARKET DR,,STILLWATER,MN,55082,55082,45.07446,-92.84006,41.55944,-95.9025,287.51,3.2,975.04,0,1,1675.0,12.0,4.5,F,2.4,0,1,0,0,OPEN,2026-02-12T22:59:23,,18,12,2026-02-13,2026-02-27,1,1,0,0
3790,12604286,2026-02-25,2026-02-05,2026-02-25,IA,ACE HARDWARE CORPORATION,ACE HARDWARE CORPORATION,1300 1ST ST NE,,NEW PRAGUE,MN,56071,56071,44.53459,-93.58209,41.55944,-95.9025,236.6,3.2,812.11,0,1,1675.0,12.0,4.5,F,2.4,0,1,0,0,OPEN,2026-02-12T22:59:23,,18,12,2026-02-13,2026-02-27,1,1,0,0
3891,12604287,2026-02-25,2026-02-05,2026-02-25,IA,ACE HARDWARE CORPORATION,ACE HARDWARE CORPORATION,125 N MARQUETTE RD,,PRAIRIE DU CHIEN,WI,53821,53821,43.04769,-91.06569,41.55944,-95.9025,267.66,2.22,800.0,0,1,1675.0,12.0,4.5,F,2.4,0,1,0,0,OPEN,2026-02-12T22:59:23,,18,12,2026-02-13,2026-02-27,1,1,0,0
3722,12604288,2026-02-25,2026-02-05,2026-02-25,IA,ACE HARDWARE CORPORATION,ACE HARDWARE CORPORATION,217 N CENTER AVE,,VIROQUA,WI,54665,54665,43.5319,-90.92134,41.55944,-95.9025,287.81,2.22,800.0,0,1,1675.0,12.0,4.5,F,2.4,0,1,0,0,OPEN,2026-02-12T22:59:23,,18,12,2026-02-13,2026-02-27,1,1,0,0
3789,12604292,2026-02-25,2026-02-05,2026-02-25,IA,ACE HARDWARE CORPORATION,ACE HARDWARE CORPORATION,747 S C ST,,BROKEN BOW,NE,68822,68822,41.38899,-99.62766,41.55944,-95.9025,193.2,3.3,800.0,0,1,1675.0,12.0,4.5,F,2.4,0,1,0,0,OPEN,2026-02-12T22:59:23,,18,12,2026-02-13,2026-02-27,1,1,0,0
3878,12604293,2026-02-25,2026-02-05,2026-02-25,IA,ACE HARDWARE CORPORATION,ACE HARDWARE CORPORATION,1140 E 5TH ST,,WINNER,SD,57580,57580,43.28987,-100.05772,41.55944,-95.9025,243.3,3.5,906.54,0,1,1675.0,12.0,4.5,F,2.4,0,1,0,0,OPEN,2026-02-12T22:59:23,,18,12,2026-02-13,2026-02-27,1,1,0,0
3882,12604294,2026-02-25,2026-02-05,2026-02-25,IA,ACE HARDWARE CORPORATION,ACE HARDWARE CORPORATION,122 W VINE ST,,OWATONNA,MN,55060,55060,44.05966,-93.22639,41.55944,-95.9025,219.63,3.2,800.0,0,1,1675.0,12.0,4.5,F,2.4,0,1,0,0,OPEN,2026-02-12T22:59:23,,18,12,2026-02-13,2026-02-27,1,1,0,0
3881,12604300,2026-02-25,2026-02-05,2026-02-25,IA,ACE HARDWARE CORPORATION,ACE HARDWARE CORPORATION,312 1ST ST E,,INDEPENDENCE,IA,50644,50644,42.47751,-91.89721,41.55944,-95.9025,215.15,3.75,861.81,0,2,3350.0,12.0,9.1,F,4.8,0,1,0,0,OPEN,2026-02-12T22:59:23,,18,12,2026-02-13,2026-02-27,1,1,0,0
4069,12604301,2026-02-25,2026-02-05,2026-02-25,IA,ACE HARDWARE CORPORATION,ACE HARDWARE CORPORATION,702 9TH AVE SE,,WATERTOWN,SD,57201,57201,44.93412,-97.09424,41.55944,-95.9025,240.77,3.5,897.68,0,1,1675.0,12.0,4.5,F,2.4,0,1,0,0,OPEN,2026-02-12T22:59:23,,18,12,2026-02-13,2026-02-27,1,1,0,0
4006,12604302,2026-02-25,2026-02-05,2026-02-25,IA,ACE HARDWARE CORPORATION,ACE HARDWARE CORPORATION,1405 OLD ST MARYS RD,,PERRYVILLE,MO,63775,63775,37.71051,-89.87919,41.55944,-95.9025,416.3,2.75,1199.83,0,1,1675.0,12.0,4.5,F,2.4,0,1,0,0,OPEN,2026-02-12T22:59:23,,18,12,2026-02-13,2026-02-27,1,1,0,0
4002,12604303,2026-02-25,2026-02-05,2026-02-25,IA,ACE HARDWARE CORPORATION,ACE HARDWARE CORPORATION,301 E HIGHWAY 18,,MARTIN,SD,57551,57551,43.18087,-101.70012,41.55944,-95.9025,316.38,3.5,1162.32,0,1,1675.0,12.0,4.5,F,2.4,0,1,0,0,OPEN,2026-02-12T22:59:23,,18,12,2026-02-13,2026-02-27,1,1,0,0
3788,12604306,2026-02-25,2026-02-05,2026-02-25,IA,ACE HARDWARE CORPORATION,ACE HARDWARE CORPORATION,1718 CENTRAL ST W,,BAGLEY,MN,56621,56621,47.40975,-95.41597,41.55944,-95.9025,404.95,3.2,1350.84,0,1,1675.0,12.0,4.5,F,2.4,0,1,0,0,OPEN,2026-02-12T22:59:23,,18,12,2026-02-13,2026-02-27,1,1,0,0
3890,12604307,2026-02-25,2026-02-05,2026-02-25,IA,ACE HARDWARE CORPORATION,ACE HARDWARE CORPORATION,8674 W RADCLIFF RD,,HARDINSBURG,IN,47125,47125,38.46341,-86.30825,41.55944,-95.9025,550.58,2.15,1238.74,0,1,1675.0,12.0,4.5,F,2.4,0,1,0,0,OPEN,2026-02-12T22:59:23,,18,12,2026-02-13,2026-02-27,1,1,0,0
4078,12604308,2026-02-25,2026-02-05,2026-02-25,IA,ACE HARDWARE CORPORATION,ACE HARDWARE CORPORATION,503 LAKE AVE W,,LADYSMITH,WI,54848,54848,45.51546,-91.10284,41.55944,-95.9025,363.9,2.22,862.85,0,1,1675.0,12.0,4.5,F,2.4,0,1,0,0,OPEN,2026-02-12T22:59:23,,18,12,2026-02-13,2026-02-27,1,1,0,0
4001,12604312,2026-02-25,2026-02-05,2026-02-25,IA,ACE HARDWARE CORPORATION,ACE HARDWARE CORPORATION,1007 US HIGHWAY 23 N,,ALPENA,MI,49707,49707,45.09375,-83.50186,41.55944,-95.9025,668.58,2.2,1525.88,0,1,1675.0,12.0,4.5,F,2.4,0,1,0,0,OPEN,2026-02-12T22:59:23,,18,12,2026-02-13,2026-02-27,1,1,0,0
4000,12604315,2026-02-25,2026-02-05,2026-02-25,IA,WALSHS ACE HRDWR,WALSHS ACE HRDWR,1420 STATE ROAD 69,,NEW GLARUS,WI,53574,53574,42.81851,-89.65181,41.55944,-95.9025,331.54,2.22,800.0,0,1,1675.0,12.0,4.5,F,2.4,0,1,0,0,OPEN,2026-02-12T22:59:23,,18,12,2026-02-13,2026-02-27,1,1,0,0
3721,12604318,2026-02-25,2026-02-05,2026-02-25,IA,ACE HARDWARE CORPORATION,ACE HARDWARE CORPORATION,104 STATE AVENUE,,WARROAD,MN,56763,56763,48.80879,-95.34167,41.55944,-95.9025,501.65,3.2,1660.29,0,1,1675.0,12.0,4.5,F,2.4,0,1,0,0,OPEN,2026-02-12T22:59:23,,18,12,2026-02-13,2026-02-27,1,1,0,0
4068,12604319,2026-02-25,2026-02-05,2026-02-25,IA,ACE HARDWARE CORPORATION,ACE HARDWARE CORPORATION,28 S MAIN ST,,RICE LAKE,WI,54868,54868,45.52723,-91.70977,41.55944,-95.9025,345.24,2.22,821.43,0,1,1675.0,12.0,4.5,F,2.4,0,1,0,0,OPEN,2026-02-12T22:59:23,,18,12,2026-02-13,2026-02-27,1,1,0,0
4309,12604320,2026-02-25,2026-02-05,2026-02-25,IA,ACE HARDWARE CORPORATION,ACE HARDWARE CORPORATION,626 WASHINGTON ST,,HORICON,WI,53032,53032,43.44708,-88.6234,41.55944,-95.9025,392.92,2.22,927.27,0,1,1550.0,14.0,6.6,F,3.5,0,1,0,0,OPEN,2026-02-12T22:59:23,,18,12,2026-02-13,2026-02-27,1,1,0,0
3775,12604321,2026-02-25,2026-02-05,2026-02-25,IA,ACE HARDWARE CORPORATION,ACE HARDWARE CORPORATION,23 1ST AVE SW,,LE MARS,IA,51031,51031,42.80282,-96.18092,41.55944,-95.9025,87.09,3.75,800.0,0,1,1675.0,12.0,4.5,F,2.4,0,1,0,0,OPEN,2026-02-12T22:59:23,,18,12,2026-02-13,2026-02-27,1,1,0,0
3952,12604326,2026-02-25,2026-02-05,2026-02-25,IA,ACE HARDWARE CORPORATION,ACE HARDWARE CORPORATION,1502 16TH AVE,,BLOOMER,WI,54724,54724,45.10793,-91.48458,41.55944,-95.9025,330.69,2.22,800.0,0,1,1675.0,12.0,4.5,F,2.4,0,1,0,0,OPEN,2026-02-12T22:59:23,,18,12,2026-02-13,2026-02-27,1,1,0,0
4428,12604327,2026-02-25,2026-02-05,2026-02-25,IA,ACE HARDWARE CORPORATION,ACE HARDWARE CORPORATION,1818 WISCONSIN AVE,,GRAFTON,WI,53024,53024,43.33233,-87.93299,41.55944,-95.9025,424.22,2.22,996.76,0,1,1550.0,14.0,6.6,F,3.5,0,1,0,0,OPEN,2026-02-12T22:59:23,,18,12,2026-02-13,2026-02-27,1,1,0,0
3953,12604330,2026-02-25,2026-02-05,2026-02-25,IA,ACE HARDWARE CORPORATION,ACE HARDWARE CORPORATION,19040 DEWEY ST,,WHITEHALL,WI,54773,54773,44.39301,-91.3002,41.55944,-95.9025,304.0,2.22,800.0,0,1,1675.0,12.0,4.5,F,2.4,0,1,0,0,OPEN,2026-02-12T22:59:23,,18,12,2026-02-13,2026-02-27,1,1,0,0
4070,12604333,2026-02-25,2026-02-05,2026-02-25,IA,ACE HARDWARE CORPORATION,ACE HARDWARE CORPORATION,1700 13TH ST N,,HUMBOLDT,IA,50548,50548,42.71275,-94.22645,41.55944,-95.9025,117.15,3.75,800.0,0,1,1675.0,12.0,4.5,F,2.4,0,1,0,0,OPEN,2026-02-12T22:59:23,,18,12,2026-02-13,2026-02-27,1,1,0,0
3787,12604334,2026-02-25,2026-02-05,2026-02-25,IA,ACE HARDWARE CORPORATION,ACE HARDWARE CORPORATION,701 S WESTERN AVENUE,,HARTFORD,SD,57033,57033,43.61613,-96.96037,41.55944,-95.9025,151.96,3.5,800.0,0,1,1675.0,12.0,4.5,F,2.4,0,1,0,0,OPEN,2026-02-12T22:59:23,,18,12,2026-02-13,2026-02-27,1,1,0,0
3723,12604336,2026-02-25,2026-02-05,2026-02-25,IA,ACE HARDWARE CORPORATION,ACE HARDWARE CORPORATION,2842 16TH ST,,MOLINE,IL,61265,61265,41.48195,-90.48895,41.55944,-95.9025,280.07,2.7,811.2,0,1,1675.0,12.0,4.5,F,2.4,0,1,0,0,OPEN,2026-02-12T22:59:23,,18,12,2026-02-13,2026-02-27,1,1,0,0
3871,12604337,2026-02-25,2026-02-05,2026-02-25,IA,ACE HARDWARE CORPORATION,ACE HARDWARE CORPORATION,1460 33RD AVE,,COLUMBUS,NE,68601,68601,41.45205,-97.39477,41.55944,-95.9025,77.57,3.3,800.0,0,1,1675.0,12.0,4.5,F,2.4,0,1,0,0,OPEN,2026-02-12T22:59:23,,18,12,2026-02-13,2026-02-27,1,1,0,0
3892,12604338,2026-02-25,2026-02-05,2026-02-25,IA,ACE HARDWARE CORPORATION,ACE HARDWARE CORPORATION,4083 ARBOR LANE,,NEW PALESTINE,IN,46163,46163,39.7287,-85.90435,41.55944,-95.9025,538.9,2.15,1213.63,0,1,1675.0,12.0,4.5,F,2.4,0,1,0,0,OPEN,2026-02-12T22:59:23,,18,12,2026-02-13,2026-02-27,1,1,0,0
4003,12604340,2026-02-25,2026-02-05,2026-02-25,IA,ACE HARDWARE CORPORATION,ACE HARDWARE CORPORATION,1020 HORICON ST,,MAYVILLE,WI,53050,53050,43.50992,-88.54734,41.55944,-95.9025,397.84,2.22,938.2,0,1,1675.0,12.0,4.5,F,2.4,0,1,0,0,OPEN,2026-02-12T22:59:23,,18,12,2026-02-13,2026-02-27,1,1,0,0
3715,12604341,2026-02-25,2026-02-06,2026-02-25,IA,ACE HARDWARE CORPORATION,ACE HARDWARE CORPORATION,1719 SHERIDAN BLVD,,EDGEWATER,CO,80214,80214,39.74205,-105.07123,41.55944,-95.9025,496.52,3.48,1782.89,0,1,1675.0,12.0,4.5,F,2.4,0,1,0,0,OPEN,2026-02-12T22:59:23,,18,12,2026-02-13,2026-02-27,1,1,0,0
3880,12604345,2026-02-25,2026-02-05,2026-02-25,IA,ACE HARDWARE CORPORATION,ACE HARDWARE CORPORATION,1610 GOVERNORS DR,,CASSELTON,ND,58012,58012,46.93639,-97.16113,41.55944,-95.9025,376.71,3.26,1283.06,0,1,1675.0,12.0,4.5,F,2.4,0,1,0,0,OPEN,2026-02-12T22:59:23,,18,12,2026-02-13,2026-02-27,1,1,0,0
3786,12604355,2026-02-25,2026-02-05,2026-02-25,IA,ACE HARDWARE CORPORATION,ACE HARDWARE CORPORATION,8250 INDUSTRIAL PARK RD NW,,WALKER,MN,56484,56484,47.09744,-94.47416,41.55944,-95.9025,389.1,3.2,1300.12,0,1,1675.0,12.0,4.5,F,2.4,0,1,0,0,OPEN,2026-02-12T22:59:23,,18,12,2026-02-13,2026-02-27,1,1,0,0
3887,12604356,2026-02-25,2026-02-05,2026-02-25,IA,ACE HARDWARE CORPORATION,ACE HARDWARE CORPORATION,17168 COUNTY HIGHWAY J,,CHIPPEWA FALLS,WI,54729,54729,44.94533,-91.39342,41.55944,-95.9025,325.83,2.22,800.0,0,1,1675.0,12.0,4.5,F,2.4,0,1,0,0,OPEN,2026-02-12T22:59:23,,18,12,2026-02-13,2026-02-27,1,1,0,0
3951,12604357,2026-02-25,2026-02-05,2026-02-25,IA,ACE HARDWARE CORPORATION,ACE HARDWARE CORPORATION,111 W COLUMBIA ST,,CHIPPEWA FALLS,WI,54729,54729,44.94533,-91.39342,41.55944,-95.9025,325.83,2.22,800.0,0,1,1675.0,12.0,4.5,F,2.4,0,1,0,0,OPEN,2026-02-12T22:59:23,,18,12,2026-02-13,2026-02-27,1,1,0,0
3876,12604359,2026-02-25,2026-02-05,2026-02-25,IA,ACE HARDWARE CORPORATION,ACE HARDWARE CORPORATION,802 1ST ST E,,PARK RAPIDS,MN,56470,56470,47.02368,-95.09433,41.55944,-95.9025,379.67,3.2,1269.94,0,1,1675.0,12.0,4.5,F,2.4,0,1,0,0,OPEN,2026-02-12T22:59:23,,18,12,2026-02-13,2026-02-27,1,1,0,0
3785,12604362,2026-02-25,2026-02-05,2026-02-25,IA,ACE HARDWARE CORPORATION,ACE HARDWARE CORPORATION,511 N PINE STREET,,LENNOX,SD,57039,57039,43.33659,-96.86755,41.55944,-95.9025,132.29,3.5,800.0,0,1,1675.0,12.0,4.5,F,2.4,0,1,0,0,OPEN,2026-02-12T22:59:23,,18,12,2026-02-13,2026-02-27,1,1,0,0
3997,12604365,2026-02-25,2026-02-05,2026-02-25,IA,ACE HARDWARE CORPORATION,ACE HARDWARE CORPORATION,510 8TH ST SE,,ORANGE CITY,IA,51041,51041,43.02443,-96.07701,41.55944,-95.9025,101.62,3.75,800.0,0,1,1675.0,12.0,4.5,F,2.4,0,1,0,0,OPEN,2026-02-12T22:59:23,,18,12,2026-02-13,2026-02-27,1,1,0,0
3718,12604366,2026-02-25,2026-02-05,2026-02-25,IA,ACE HARDWARE CORPORATION,ACE HARDWARE CORPORATION,406 S WISCONSIN AVE,,FREDERIC,WI,54837,54837,45.6746,-92.35754,41.55944,-95.9025,335.03,2.22,800.0,0,1,1675.0,12.0,4.5,F,2.4,0,1,0,0,OPEN,2026-02-12T22:59:23,,18,12,2026-02-13,2026-02-27,1,1,0,0
4063,12604368,2026-02-25,2026-02-05,2026-02-25,IA,ACE HARDWARE CORPORATION,ACE HARDWARE CORPORATION,221 LAMP AND LANTERN VLG,,CHESTERFIELD,MO,63017,63017,38.65143,-90.53722,41.55944,-95.9025,347.42,2.75,1010.4,0,1,1675.0,12.0,4.5,F,2.4,0,1,0,0,OPEN,2026-02-12T22:59:23,,18,12,2026-02-13,2026-02-27,1,1,0,0
3708,12604370,2026-02-25,2026-02-05,2026-02-25,IA,ACE HARDWARE CORPORATION,ACE HARDWARE CORPORATION,330 W 41ST ST,,SIOUX FALLS,SD,57105,57105,43.52125,-96.73587,41.55944,-95.9025,142.04,3.5,800.0,0,1,1675.0,12.0,4.5,F,2.4,0,1,0,0,OPEN,2026-02-12T22:59:23,,18,12,2026-02-13,2026-02-27,1,1,0,0
3993,12604374,2026-02-25,2026-02-05,2026-02-25,IA,ACE HARDWARE CORPORATION,ACE HARDWARE CORPORATION,1704 W 3RD ST,,GRAND ISLAND,NE,68803,68803,40.95357,-98.41593,41.55944,-95.9025,137.1,3.3,800.0,0,1,1675.0,12.0,4.5,F,2.4,0,1,0,0,OPEN,2026-02-12T22:59:23,,18,12,2026-02-13,2026-02-27,1,1,0,0
3996,12604375,2026-02-25,2026-02-05,2026-02-25,IA,ACE HARDWARE CORPORATION,ACE HARDWARE CORPORATION,15870 CLAYTON RD,,ELLISVILLE,MO,63011,63011,38.60337,-90.55847,41.55944,-95.9025,348.52,2.75,1013.43,0,1,1675.0,12.0,4.5,F,2.4,0,1,0,0,OPEN,2026-02-12T22:59:23,,18,12,2026-02-13,2026-02-27,1,1,0,0
3709,12604377,2026-02-25,2026-02-05,2026-02-25,IA,ACE HARDWARE CORPORATION,ACE HARDWARE CORPORATION,11767 MANCHESTER RD,,SAINT LOUIS,MO,63131,63131,38.6172,-90.44365,41.55944,-95.9025,352.88,2.75,1025.41,0,1,1675.0,12.0,4.5,F,2.4,0,1,0,0,OPEN,2026-02-12T22:59:23,,18,12,2026-02-13,2026-02-27,1,1,0,0
3995,12604385,2026-02-25,2026-02-05,2026-02-25,IA,ACE HARDWARE CORPORATION,ACE HARDWARE CORPORATION,405 S MAIN ST,,WESTBY,WI,54667,54667,43.66703,-90.86166,41.55944,-95.9025,294.74,2.22,800.0,0,1,1675.0,12.0,4.5,F,2.4,0,1,0,0,OPEN,2026-02-12T22:59:23,,18,12,2026-02-13,2026-02-27,1,1,0,0
3875,12604387,2026-02-25,2026-02-05,2026-02-25,IA,ACE HARDWARE CORPORATION,ACE HARDWARE CORPORATION,210 2ND AVE NE,,STAPLES,MN,56479,56479,46.43719,-94.78939,41.55944,-95.9025,341.54,3.2,1147.93,0,1,1675.0,12.0,4.5,F,2.4,0,1,0,0,OPEN,2026-02-12T22:59:23,,18,12,2026-02-13,2026-02-27,1,1,0,0
3886,12604393,2026-02-25,2026-02-05,2026-02-25,IA,ACE HARDWARE CORPORATION,ACE HARDWARE CORPORATION,6579 28TH ST SE,,GRAND RAPIDS,MI,49546,49546,42.92815,-85.53629,41.55944,-95.9025,538.26,2.2,1239.17,0,1,1675.0,12.0,4.5,F,2.4,0,1,0,0,OPEN,2026-02-12T22:59:23,,18,12,2026-02-13,2026-02-27,1,1,0,0
3869,12604394,2026-02-25,2026-02-05,2026-02-25,IA,ACE HARDWARE CORPORATION,ACE HARDWARE CORPORATION,1878 ELMWOOD AVE,,BELOIT,WI,53511,53511,42.54627,-89.09792,41.55944,-95.9025,355.61,2.22,844.46,0,1,1675.0,12.0,4.5,F,2.4,0,1,0,0,OPEN,2026-02-12T22:59:23,,18,12,2026-02-13,2026-02-27,1,1,0,0
3947,12604396,2026-02-25,2026-02-05,2026-02-25,IA,ACE HARDWARE CORPORATION,ACE HARDWARE CORPORATION,215 S COLLEGE AVE,,FORT COLLINS,CO,80524,80524,40.64814,-105.02155,41.55944,-95.9025,478.72,3.48,1720.95,0,1,1675.0,12.0,4.5,F,2.4,0,1,0,0,OPEN,2026-02-12T22:59:23,,18,12,2026-02-13,2026-02-27,1,1,0,0
4064,12604398,2026-02-25,2026-02-05,2026-02-25,IA,ACE HARDWARE CORPORATION,ACE HARDWARE CORPORATION,223 N MAIN ST,,LAURIE,MO,65038,65038,,,41.55944,-95.9025,,2.75,,0,1,1675.0,12.0,4.5,F,2.4,0,1,0,0,OPEN,2026-02-12T22:59:23,,18,12,2026-02-13,2026-02-27,1,1,0,0
3885,12604399,2026-02-25,2026-02-05,2026-02-25,IA,ACE HARDWARE CORPORATION,ACE HARDWARE CORPORATION,304 S SPLITROCK BLVD,,BRANDON,SD,57005,57005,43.59281,-96.58728,41.55944,-95.9025,144.76,3.5,800.0,0,1,1675.0,12.0,4.5,F,2.4,0,1,0,0,OPEN,2026-02-12T22:59:23,,18,12,2026-02-13,2026-02-27,1,1,0,0
3870,12604400,2026-02-25,2026-02-05,2026-02-25,IA,ACE HARDWARE CORPORATION,ACE HARDWARE CORPORATION,1460 33RD AVE,,COLUMBUS,NE,68601,68601,41.45205,-97.39477,41.55944,-95.9025,77.57,3.3,800.0,0,1,1675.0,12.0,4.5,F,2.4,0,1,0,0,OPEN,2026-02-12T22:59:23,,18,12,2026-02-13,2026-02-27,1,1,0,0
3985,12604403,2026-02-25,2026-02-05,2026-02-25,IA,ACE HARDWARE CORPORATION,ACE HARDWARE CORPORATION,305 NW 13TH ST,,BERESFORD,SD,57004,57004,43.07571,-96.79376,41.55944,-95.9025,114.24,3.5,800.0,0,2,3350.0,12.0,9.1,F,4.8,0,1,0,0,OPEN,2026-02-12T22:59:23,,18,12,2026-02-13,2026-02-27,1,1,0,0
3710,12604404,2026-02-25,2026-02-05,2026-02-25,IA,ACE HARDWARE CORPORATION,ACE HARDWARE CORPORATION,600 PAUL BUNYAN DR S,,BEMIDJI,MN,56601,56601,47.50985,-94.84921,41.55944,-95.9025,414.41,3.2,1381.1,0,1,1675.0,12.0,4.5,F,2.4,0,1,0,0,OPEN,2026-02-12T22:59:23,,18,12,2026-02-13,2026-02-27,1,1,0,0
3984,12604405,2026-02-25,2026-02-05,2026-02-25,IA,ACE HARDWARE CORPORATION,ACE HARDWARE CORPORATION,7240 S 76TH ST,,FRANKLIN,WI,53132,53132,42.88589,-88.01063,41.55944,-95.9025,413.92,2.22,973.91,0,1,1675.0,12.0,4.5,F,2.4,0,1,0,0,OPEN,2026-02-12T22:59:23,,18,12,2026-02-13,2026-02-27,1,1,0,0
4067,12604406,2026-02-25,2026-02-05,2026-02-25,IA,ACE HARDWARE CORPORATION,ACE HARDWARE CORPORATION,701 N HERITAGE PKWY,,TEA,SD,57064,57064,43.45563,-96.87489,41.55944,-95.9025,140.07,3.5,800.0,0,1,1675.0,12.0,4.5,F,2.4,0,1,0,0,OPEN,2026-02-12T22:59:23,,18,12,2026-02-13,2026-02-27,1,1,0,0
3711,12604407,2026-02-25,2026-02-05,2026-02-25,IA,ACE HARDWARE CORPORATION,ACE HARDWARE CORPORATION,1196 US HIGHWAY 27 N,,BERNE,IN,46711,46711,40.6635,-84.92398,41.55944,-95.9025,574.49,2.15,1290.16,0,1,1675.0,12.0,4.5,F,2.4,0,1,0,0,OPEN,2026-02-12T22:59:23,,18,12,2026-02-13,2026-02-27,1,1,0,0
3983,12604408,2026-02-25,2026-02-05,2026-02-25,IA,ACE HARDWARE CORPORATION,ACE HARDWARE CORPORATION,1108 N HWY 77,,DELL RAPIDS,SD,57022,57022,43.85081,-96.7327,41.55944,-95.9025,163.84,3.5,800.0,0,1,1675.0,12.0,4.5,F,2.4,0,1,0,0,OPEN,2026-02-12T22:59:23,,18,12,2026-02-13,2026-02-27,1,1,0,0
3776,12604409,2026-02-25,2026-02-05,2026-02-25,IA,ACE HARDWARE CORPORATION,ACE HARDWARE CORPORATION,6938 W MAIN ST,,BELLEVILLE,IL,62223,62223,38.53491,-90.06027,41.55944,-95.9025,372.92,2.7,1061.88,0,1,1675.0,12.0,4.5,F,2.4,0,1,0,0,OPEN,2026-02-12T22:59:23,,18,12,2026-02-13,2026-02-27,1,1,0,0
3982,12604410,2026-02-25,2026-02-05,2026-02-25,IA,ACE HARDWARE CORPORATION,ACE HARDWARE CORPORATION,1212 S MAIN,,PALMYRA,MO,63461,63461,39.79757,-91.55577,41.55944,-95.9025,258.22,2.75,800.0,0,1,1675.0,12.0,4.5,F,2.4,0,1,0,0,OPEN,2026-02-12T22:59:23,,18,12,2026-02-13,2026-02-27,1,1,0,0
3883,12604412,2026-02-25,2026-02-05,2026-02-25,IA,ACE HARDWARE CORPORATION,ACE HARDWARE CORPORATION,120 2ND AVE SE,,CRESCO,IA,52136,52136,43.37139,-92.11289,41.55944,-95.9025,230.15,3.75,918.08,0,1,1675.0,12.0,4.5,F,2.4,0,1,0,0,OPEN,2026-02-12T22:59:23,,18,12,2026-02-13,2026-02-27,1,1,0,0
3717,12604416,2026-02-25,2026-02-05,2026-02-25,IA,ACE HARDWARE CORPORATION,ACE HARDWARE CORPORATION,35592 PIONEER DR,,CROSSLAKE,MN,56442,56442,46.67629,-94.09726,41.55944,-95.9025,364.7,3.2,1222.03,0,1,1675.0,12.0,4.5,F,2.4,0,1,0,0,OPEN,2026-02-12T22:59:23,,18,12,2026-02-13,2026-02-27,1,1,0,0
3981,12604418,2026-02-25,2026-02-05,2026-02-25,IA,ACE HARDWARE CORPORATION,ACE HARDWARE CORPORATION,1961 S OTSEGO AVE,,GAYLORD,MI,49735,49735,44.99576,-84.67117,41.55944,-95.9025,612.19,2.2,1401.81,0,1,1675.0,12.0,4.5,F,2.4,0,1,0,0,OPEN,2026-02-12T22:59:23,,18,12,2026-02-13,2026-02-27,1,1,0,0
4066,12604421,2026-02-25,2026-02-05,2026-02-25,IA,ACE HARDWARE CORPORATION,ACE HARDWARE CORPORATION,620 W BROAD ST,,LINDEN,MI,48451,48451,42.80365,-83.81683,41.55944,-95.9025,624.21,2.2,1428.26,0,1,1675.0,12.0,4.5,F,2.4,0,1,0,0,OPEN,2026-02-12T22:59:23,,18,12,2026-02-13,2026-02-27,1,1,0,0
3784,12604426,2026-02-25,2026-02-05,2026-02-25,IA,ACE HARDWARE CORPORATION,ACE HARDWARE CORPORATION,2122 MAIN ST,,KEOKUK,IA,52632,52632,40.44072,-91.43973,41.55944,-95.9025,245.19,3.75,974.48,0,1,1675.0,12.0,4.5,F,2.4,0,1,0,0,OPEN,2026-02-12T22:59:23,,18,12,2026-02-13,2026-02-27,1,1,0,0
4065,12604429,2026-02-25,2026-02-05,2026-02-25,IA,ACE HARDWARE CORPORATION,ACE HARDWARE CORPORATION,516 N COMMERCIAL ST,,NEENAH,WI,54956,54956,44.18444,-88.52778,41.55944,-95.9025,414.96,2.22,976.21,0,1,1675.0,12.0,4.5,F,2.4,0,1,0,0,OPEN,2026-02-12T22:59:23,,18,12,2026-02-13,2026-02-27,1,1,0,0
3872,12604436,2026-02-25,2026-02-05,2026-02-25,IA,ACE HARDWARE CORPORATION,ACE HARDWARE CORPORATION,1115 E US HIGHWAY 169,,GRAND RAPIDS,MN,55744,55744,47.23306,-93.51299,41.55944,-95.9025,409.34,3.2,1364.9,0,1,1675.0,12.0,4.5,F,2.4,0,1,0,0,OPEN,2026-02-12T22:59:23,,18,12,2026-02-13,2026-02-27,1,1,0,0
3783,12604438,2026-02-25,2026-02-05,2026-02-25,IA,ACE HARDWARE CORPORATION,ACE HARDWARE CORPORATION,2404 BROADWAY AVE,,YANKTON,SD,57078,57078,42.91782,-97.44702,41.55944,-95.9025,122.68,3.5,800.0,0,1,1675.0,12.0,4.5,F,2.4,0,1,0,0,OPEN,2026-02-12T22:59:23,,18,12,2026-02-13,2026-02-27,1,1,0,0
3873,12604440,2026-02-25,2026-02-05,2026-02-25,IA,ACE HARDWARE CORPORATION,ACE HARDWARE CORPORATION,1163 N MAIN ST,,RIVER FALLS,WI,54022,54022,44.84796,-92.6096,41.55944,-95.9025,281.26,2.22,800.0,0,1,1675.0,12.0,4.5,F,2.4,0,1,0,0,OPEN,2026-02-12T22:59:23,,18,12,2026-02-13,2026-02-27,1,1,0,0
3782,12604446,2026-02-25,2026-02-05,2026-02-25,IA,ACE HARDWARE CORPORATION,ACE HARDWARE CORPORATION,15530 W 64TH AVE STE G,,ARVADA,CO,80007,80007,39.8665,-105.19875,41.55944,-95.9025,500.47,3.48,1796.64,0,1,1675.0,12.0,4.5,F,2.4,0,1,0,0,OPEN,2026-02-12T22:59:23,,18,12,2026-02-13,2026-02-27,1,1,0,0
3716,12604450,2026-02-25,2026-02-05,2026-02-25,IA,ACE HARDWARE CORPORATION,ACE HARDWARE CORPORATION,1101 2ND AVE NE,,LITTLE FALLS,MN,56345,56345,46.00748,-94.38032,41.55944,-95.9025,316.57,3.2,1068.03,0,1,1675.0,12.0,4.5,F,2.4,0,1,0,0,OPEN,2026-02-12T22:59:23,,18,12,2026-02-13,2026-02-27,1,1,0,0
3950,12604458,2026-02-25,2026-02-05,2026-02-25,IA,ACE HARDWARE CORPORATION,ACE HARDWARE CORPORATION,112 SOUTH 5TH AVE,,WEST BEND,WI,53095,53095,43.38838,-88.15895,41.55944,-95.9025,414.21,2.22,974.54,0,1,1675.0,12.0,4.5,F,2.4,0,1,0,0,OPEN,2026-02-12T22:59:23,,18,12,2026-02-13,2026-02-27,1,1,0,0
3884,12604459,2026-02-25,2026-02-05,2026-02-25,IA,ACE HARDWARE CORPORATION,ACE HARDWARE CORPORATION,8080 S HOLLY ST,,CENTENNIAL,CO,80122,80122,39.5806,-104.95573,41.55944,-95.9025,494.19,3.48,1774.77,0,1,1675.0,12.0,4.5,F,2.4,0,1,0,0,OPEN,2026-02-12T22:59:23,,18,12,2026-02-13,2026-02-27,1,1,0,0
3781,12604461,2026-02-25,2026-02-05,2026-02-25,IA,ACE HARDWARE CORPORATION,ACE HARDWARE CORPORATION,1371 US 31 NORTH,,PETOSKEY,MI,49770,49770,45.34396,-84.88903,41.55944,-95.9025,610.52,2.2,1398.14,0,1,1675.0,12.0,4.5,F,2.4,0,1,0,0,OPEN,2026-02-12T22:59:23,,18,12,2026-02-13,2026-02-27,1,1,0,0
3979,12604464,2026-02-25,2026-02-05,2026-02-25,IA,ACE HARDWARE CORPORATION,ACE HARDWARE CORPORATION,3355 QUAIL RD NE,,SAUK RAPIDS,MN,56379,56379,45.63966,-94.08394,41.55944,-95.9025,296.23,3.2,1002.94,0,1,1675.0,12.0,4.5,F,2.4,0,1,0,0,OPEN,2026-02-12T22:59:23,,18,12,2026-02-13,2026-02-27,1,1,0,0
3980,12604468,2026-02-25,2026-02-05,2026-02-25,IA,ACE HARDWARE CORPORATION,ACE HARDWARE CORPORATION,904 W BROADWAY,,CENTRALIA,IL,62801,62801,38.51097,-89.1412,41.55944,-95.9025,414.93,2.7,1175.31,0,1,1675.0,12.0,4.5,F,2.4,0,1,0,0,OPEN,2026-02-12T22:59:23,,18,12,2026-02-13,2026-02-27,1,1,0,0
3712,12604469,2026-02-25,2026-02-05,2026-02-25,IA,ACE HARDWARE CORPORATION,ACE HARDWARE CORPORATION,2416 N EAST ST,,LANSING,MI,48906,48906,42.78489,-84.58886,41.55944,-95.9025,585.07,2.2,1342.16,0,1,1675.0,12.0,4.5,F,2.4,0,1,0,0,OPEN,2026-02-12T22:59:23,,18,12,2026-02-13,2026-02-27,1,1,0,0
3777,12604477,2026-02-25,2026-02-05,2026-02-25,IA,ACE HARDWARE CORPORATION,ACE HARDWARE CORPORATION,607 S SYCAMORE AVE,,SIOUX FALLS,SD,57110,57110,43.54445,-96.63812,41.55944,-95.9025,142.18,3.5,800.0,0,1,1675.0,12.0,4.5,F,2.4,0,1,0,0,OPEN,2026-02-12T22:59:23,,18,12,2026-02-13,2026-02-27,1,1,0,0
3994,12604484,2026-02-25,2026-02-05,2026-02-25,IA,ACE HARDWARE CORPORATION,ACE HARDWARE CORPORATION,2645 NORTHTOWN WAY,,HIGHLAND,IL,62249,62249,38.75469,-89.66436,41.55944,-95.9025,382.07,2.7,1086.58,0,1,1675.0,12.0,4.5,F,2.4,0,1,0,0,OPEN,2026-02-12T22:59:23,,18,12,2026-02-13,2026-02-27,1,1,0,0
3714,12604485,2026-02-25,2026-02-05,2026-02-25,IA,ACE HARDWARE CORPORATION,ACE HARDWARE CORPORATION,421 2ND AVE NW,,FAIRBAULT,MN,55021,55021,44.2973,-93.27414,41.55944,-95.9025,231.21,3.2,800.0,0,1,1675.0,12.0,4.5,F,2.4,0,1,0,0,OPEN,2026-02-12T22:59:23,,18,12,2026-02-13,2026-02-27,1,1,0,0
3780,12604486,2026-02-25,2026-02-05,2026-02-25,IA,ACE HARDWARE CORPORATION,ACE HARDWARE CORPORATION,06675 M 66 N,,CHARLEVOIX,MI,49720,49720,45.27555,-85.23984,41.55944,-95.9025,592.93,2.2,1359.45,0,1,1675.0,12.0,4.5,F,2.4,0,1,0,0,OPEN,2026-02-12T22:59:23,,18,12,2026-02-13,2026-02-27,1,1,0,0
3949,12604487,2026-02-25,2026-02-05,2026-02-25,IA,ACE HARDWARE CORPORATION,ACE HARDWARE CORPORATION,3203 OSBORNE DR W,,HASTINGS,NE,68901,68901,40.59092,-98.36599,41.55944,-95.9025,144.72,3.3,800.0,0,1,1675.0,12.0,4.5,F,2.4,0,1,0,0,OPEN,2026-02-12T22:59:23,,18,12,2026-02-13,2026-02-27,1,1,0,0
3779,12604489,2026-02-25,2026-02-05,2026-02-25,IA,ACE HARDWARE CORPORATION,ACE HARDWARE CORPORATION,611 E GRAND AVE,,LARAMIE,WY,82070,82070,41.21404,-105.85037,41.55944,-95.9025,515.98,3.05,1628.73,0,1,1675.0,12.0,4.5,F,2.4,0,1,0,0,OPEN,2026-02-12T22:59:23,,18,12,2026-02-13,2026-02-27,1,1,0,0
3948,12604492,2026-02-25,2026-02-05,2026-02-25,IA,ACE HARDWARE CORPORATION,ACE HARDWARE CORPORATION,39959 STATE HWY 6,,EMILY,MN,56447,56447,46.74151,-93.90262,41.55944,-95.9025,371.51,3.2,1243.82,0,1,1675.0,12.0,4.5,F,2.4,0,1,0,0,OPEN,2026-02-12T22:59:23,,18,12,2026-02-13,2026-02-27,1,1,0,0
3713,12604494,2026-02-25,2026-02-05,2026-02-25,IA,ACE HARDWARE CORPORATION,ACE HARDWARE CORPORATION,2905 4TH AVE,,SPEARFISH,SD,57783,57783,44.47106,-103.9219,41.55944,-95.9025,452.08,3.5,1637.28,0,1,1675.0,12.0,4.5,F,2.4,0,1,0,0,OPEN,2026-02-12T22:59:23,,18,12,2026-02-13,2026-02-27,1,1,0,0
3778,12604495,2026-02-25,2026-02-05,2026-02-25,IA,ACE HARDWARE CORPORATION,ACE HARDWARE CORPORATION,320 WEST BLVD,,RAPID CITY,SD,57701,57701,44.1209,-103.20562,41.55944,-95.9025,409.97,3.5,1489.89,0,1,1675.0,12.0,4.5,F,2.4,0,1,0,0,OPEN,2026-02-12T22:59:23,,18,12,2026-02-13,2026-02-27,1,1,0,0
3998,12604500,2026-02-25,2026-02-05,2026-02-25,IA,ACE HARDWARE CORPORATION,ACE HARDWARE CORPORATION,200 WILLOW STREET WEST,,HARRISBURG,SD,57032,57032,43.42326,-96.68708,41.55944,-95.9025,134.85,3.5,800.0,0,1,1675.0,12.0,4.5,F,2.4,0,1,0,0,OPEN,2026-02-12T22:59:23,,18,12,2026-02-13,2026-02-27,1,1,0,0
5269,12604718,2026-02-25,2026-02-09,2026-02-25,IA,LOWE'S,LOWE'S,6101 APPLES WAY,(402) 420-3660,LINCOLN,NE,68516,68516,40.73493,-96.6428,41.55944,-95.9025,68.77,3.3,800.0,1,5,4216.2,7.0,13.2,F,7.0,0,1,0,0,OPEN,2026-02-12T22:59:23,,18,12,2026-02-13,2026-02-27,1,1,0,0
4615,12536690,2026-02-26,2025-09-05,2025-09-26,IA,OMAHA TRAILERS,OMAHA TRAILERS,233 S. 2ND STREET,(402)547-0446,MISSOURI VALLEY,IA,51555,51555,41.55937,-95.91398,41.55944,-95.9025,0.59,3.75,800.0,0,1,2472.0,16.0,7.5,F,4.0,0,1,0,0,OPEN,2026-02-12T22:59:23,,18,13,2026-02-13,2026-02-27,1,1,0,0
3999,12604509,2026-02-26,2026-02-05,2026-02-26,IA,ACE HARDWARE CORPORATION,ACE HARDWARE CORPORATION,1550 DENMARK RD,,UNION,MO,63084,63084,38.41749,-91.01438,41.55944,-95.9025,337.69,2.75,983.63,0,1,1675.0,12.0,4.5,F,2.4,0,1,0,0,OPEN,2026-02-12T22:59:23,,18,13,2026-02-13,2026-02-27,1,1,0,0
3889,12604529,2026-02-26,2026-02-05,2026-02-26,IA,ACE HARDWARE CORPORATION,ACE HARDWARE CORPORATION,1540 13TH ST W,,BILLINGS,MT,59102,59102,45.77479,-108.58133,41.55944,-95.9025,696.41,3.1,2213.86,0,1,1675.0,12.0,4.5,F,2.4,0,1,0,0,OPEN,2026-02-12T22:59:23,,18,13,2026-02-13,2026-02-27,1,1,0,0
3986,12604530,2026-02-26,2026-02-05,2026-02-26,IA,ACE HARDWARE CORPORATION,ACE HARDWARE CORPORATION,1919 E CALUMET ST,,APPLETON,WI,54915,54915,44.24279,-88.35928,41.55944,-95.9025,424.22,2.22,996.77,0,1,1675.0,12.0,4.5,F,2.4,0,1,0,0,OPEN,2026-02-12T22:59:23,,18,13,2026-02-13,2026-02-27,1,1,0,0
3719,12604532,2026-02-26,2026-02-05,2026-02-26,IA,ACE HARDWARE CORPORATION,ACE HARDWARE CORPORATION,1212 APPLETON RD,,MENASHA,WI,54952,54952,44.20086,-88.33719,41.55944,-95.9025,424.09,2.22,996.48,0,1,1675.0,12.0,4.5,F,2.4,0,1,0,0,OPEN,2026-02-12T22:59:23,,18,13,2026-02-13,2026-02-27,1,1,0,0
3877,12604535,2026-02-26,2026-02-05,2026-02-26,IA,ACE HARDWARE CORPORATION,ACE HARDWARE CORPORATION,6050 LABEAUX AVE NE,,ALBERTVILLE,MN,55301,55301,45.24448,-93.66219,41.55944,-95.9025,278.33,3.2,945.66,0,1,1675.0,12.0,4.5,F,2.4,0,1,0,0,OPEN,2026-02-12T22:59:23,,18,13,2026-02-13,2026-02-27,1,1,0,0
3888,12604537,2026-02-26,2026-02-05,2026-02-26,IA,ACE HARDWARE CORPORATION,ACE HARDWARE CORPORATION,2618 BIRCH ST,,EAU CLAIRE,WI,54703,54703,44.83311,-91.5185,41.55944,-95.9025,316.03,2.22,800.0,0,1,1675.0,12.0,4.5,F,2.4,0,1,0,0,OPEN,2026-02-12T22:59:23,,18,13,2026-02-13,2026-02-27,1,1,0,0
3720,12604538,2026-02-26,2026-02-05,2026-02-26,IA,ACE HARDWARE CORPORATION,ACE HARDWARE CORPORATION,19850 COCKRIEL DRIVE,,PARKER,CO,80134,80134,39.48282,-104.77957,41.55944,-95.9025,487.59,3.48,1751.8,0,1,1675.0,12.0,4.5,F,2.4,0,1,0,0,OPEN,2026-02-12T22:59:23,,18,13,2026-02-13,2026-02-27,1,1,0,0
5264,12604633,2026-02-27,2026-02-06,2026-02-27,IA,"LOWE'S OF FT. GRATIOT, MICH.","LOWE'S OF FT. GRATIOT, MICH.",4200 24TH ST.,(810)-385-6600,FT. GRATIOT,MI,48059,48059,43.08253,-82.49913,41.55944,-95.9025,692.04,2.2,1577.49,1,1,3472.93,12.0,22.6,F,12.0,0,1,0,0,OPEN,2026-02-12T22:59:23,,18,14,2026-02-13,2026-02-27,1,1,0,0
4927,12604662,2026-02-27,2026-02-06,2026-02-27,IA,NORBY'S FARM FLEET,NORBY'S FARM FLEET,1341 W MAIN ST.,563-927-4151,MANCHESTER,IA,52057,52057,42.4916,-91.45333,41.55944,-95.9025,237.25,3.75,944.68,0,5,6139.0,21.0,29.1,F,15.4,0,3,0,0,OPEN,2026-02-12T22:59:23,,18,14,2026-02-13,2026-02-27,3,1,0,0
6438,12604663,2026-02-27,2026-02-06,2026-02-27,IA,NORBY'S FARM FLEET,NORBY'S FARM FLEET,1600 3RD AVE S.E.,319-334-2872,INDEPENDENCE,IA,50644,50644,42.47751,-91.89721,41.55944,-95.9025,215.15,3.75,861.81,0,5,6139.0,21.0,29.1,F,15.4,0,3,0,0,OPEN,2026-02-12T22:59:23,,18,14,2026-02-13,2026-02-27,3,1,0,0
4855,12604664,2026-02-27,2026-02-06,2026-02-27,IA,NORBY'S FARM FLEET,NORBY'S FARM FLEET,1809 TROUT RUN ROAD,563-382-8748,DECORAH,IA,52101,52101,43.35741,-91.76494,41.55944,-95.9025,244.75,3.75,972.81,0,6,7850.0,23.0,35.5,F,18.8,0,4,0,0,OPEN,2026-02-12T22:59:23,,18,14,2026-02-13,2026-02-27,4,1,0,0
4403,12604665,2026-02-27,2026-02-06,2026-02-27,IA,FARM KING CORPORATE OFFICE,FARM KING CORPORATE OFFICE,730 N BOWER,,MACOMB,IL,61455,61455,40.44047,-90.65115,41.55944,-95.9025,284.5,2.7,823.16,0,15,15676.25,35.0,55.5,C,29.4,0,2,0,0,OPEN,2026-02-12T22:59:23,,18,14,2026-02-13,2026-02-27,2,1,0,0
5401,12604666,2026-02-27,2026-02-06,2026-02-27,IA,NORBY'S FARM FLEET,NORBY'S FARM FLEET,1901 4TH ST SW,319-352-3882,WAVERLY,IA,50677,50677,42.76363,-92.43775,41.55944,-95.9025,195.98,3.75,800.0,0,5,6396.5,23.0,32.8,F,17.4,0,3,0,0,OPEN,2026-02-12T22:59:23,,18,14,2026-02-13,2026-02-27,3,1,0,0
4834,12604669,2026-02-27,2026-02-06,2026-02-27,IA,NORBY'S FARM FLEET,NORBY'S FARM FLEET,2105 S FREDERICK AVE,319-283-6652,OELWEIN,IA,50662,50662,42.68748,-91.93396,41.55944,-95.9025,217.78,3.75,871.69,0,5,6139.0,21.0,29.1,F,15.4,0,3,0,0,OPEN,2026-02-12T22:59:23,,18,14,2026-02-13,2026-02-27,3,1,0,0
